,1,2,3,4,5,6,7,8,9,10,11,12,13,14,15,16
0,0,0,0,0,588,899,1111,12,3718,3638,3232,377,3425,1685,591,74
1,0,0,0,0,2079,3139,4626,93,18417,17716,13731,1638,15201,5716,1354,149
2,0,0,2,0,718,1433,2026,7,9578,8449,7058,1645,8112,2736,692,87
3,0,0,0,0,1454,1713,1819,120,5516,4627,3464,601,3036,1140,317,53
4,0,0,0,0,1810,3231,4628,226,17597,20757,19417,3592,24293,12522,4797,959
5,0,0,0,0,1613,2383,3555,0,18146,17386,14545,1779,16684,7367,2258,282
6,0,0,0,0,1528,1917,2207,37,5050,4628,4137,613,4359,1914,639,69
7,0,0,0,3,673,1109,1742,155,9645,10242,9047,1063,11856,6490,2003,344
8,0,0,0,4,872,1482,2316,467,9678,10130,11985,3353,19662,8527,3417,754
9,0,0,0,0,1114,1947,2649,27,7514,7960,6232,708,6091,3006,616,41
10,0,0,0,0,695,1489,2646,235,15126,17750,17717,2756,24910,11975,3868,430
11,0,0,0,0,1600,2524,3404,32,13393,13515,11462,777,11912,6958,2174,391
12,0,0,0,0,1395,2098,3776,140,16301,15565,14083,1936,18276,7989,2106,288
13,0,0,0,0,590,815,1134,6,4960,4858,4551,738,6401,2975,1062,219
14,0,0,0,2,1393,1743,2041,165,6712,6054,4664,1253,4506,1616,430,61
15,0,0,0,1,476,747,1393,51,8193,9759,9810,1460,15350,8276,3271,416
16,0,0,6,0,736,998,1330,80,3676,3055,2370,305,1930,286,36,4
17,0,0,0,0,958,1614,2175,211,6476,6973,6164,1970,4990,2122,462,48
18,0,0,0,0,1289,1589,2268,4,10414,8058,5796,513,6079,2557,436,57
19,0,0,0,0,766,1167,1825,98,8724,7023,6508,1083,6194,2228,564,77
20,0,0,0,0,583,1135,1745,50,8017,8041,6594,1083,5652,2753,763,81
21,0,0,0,0,667,986,1070,8,4409,4439,3304,662,4601,1928,584,68
22,0,0,0,1,748,1146,2083,298,8314,8520,7350,2061,9829,3857,954,160
23,0,0,0,0,727,1076,1516,83,4579,4446,3674,576,3808,1754,498,101
24,0,0,0,0,747,1324,1976,83,7201,8132,7707,2001,9552,4613,1414,188
25,0,0,6,0,2098,3476,5304,0,21286,23413,24021,2136,27717,13537,4665,821
26,0,0,0,0,2460,3971,5743,184,20754,20452,20565,3915,22472,9982,3096,440
27,0,0,0,35,432,851,1341,132,5719,6642,6534,961,8130,3589,1037,177
28,0,0,0,1,2099,3378,4196,213,16788,17672,15753,4885,17988,7405,1976,168
29,0,0,0,4,820,984,1268,214,3859,3116,2215,408,2059,802,265,34
30,0,0,0,0,1399,2477,3311,100,15708,17865,15407,2321,18430,8377,2456,285
31,0,0,0,4,983,1124,2277,298,9771,7101,6753,1280,6850,2611,582,53
32,0,0,0,0,800,1179,1190,26,2671,3008,2179,350,2178,1077,318,68
33,0,0,0,3,729,955,1157,8,3392,2693,2298,417,2164,881,242,63
34,0,0,0,0,1200,2213,3324,59,16169,18780,19045,3254,31415,16774,6789,1410
35,0,0,0,0,2492,3862,5484,27,23356,25753,22965,2799,32790,15412,4960,945
36,0,0,0,0,2254,2971,3408,7,9621,8335,6856,895,5843,1978,491,36
37,0,0,0,0,607,961,1255,32,4052,5093,4497,1505,5727,3132,921,111
38,0,0,0,0,1201,2978,4270,128,14792,21151,19365,4268,20687,12292,4004,734
39,0,0,0,15,2230,3484,5267,972,29840,29569,28496,7449,42433,16715,6081,898
40,0,0,0,2,1071,1611,2120,267,6019,6274,5065,1012,4448,2174,575,88
41,0,0,2,10,468,797,1006,326,2468,2623,2218,936,1738,746,151,25
42,0,0,0,18,704,1089,1891,861,15659,18121,19992,4066,37559,19346,6589,1448
43,0,0,2,3,1591,1924,2945,187,13653,12051,11402,1475,14694,7010,2183,407
44,0,0,0,1,1050,1452,2052,243,7156,6642,4700,924,4004,1593,395,35
45,0,0,0,2,1908,2558,3404,225,12380,11564,10467,2164,11973,5470,1800,242
46,0,0,0,0,1296,1430,1526,21,4897,4732,3374,466,3880,1525,279,61
47,0,0,0,0,769,1469,2201,150,8613,9991,8902,1719,9618,4654,1545,244
48,0,0,0,12,782,1689,2913,278,14854,19584,18900,2447,30702,16982,6812,1534
49,0,0,0,0,2543,2902,3981,3,13970,12163,10074,679,12806,5567,2231,467
50,0,0,0,0,1629,1729,1589,98,5149,3792,1857,257,2199,827,181,30
51,0,0,0,1,818,1218,1682,169,5641,5108,3927,721,3562,1466,371,51
52,0,0,0,0,578,1047,1664,39,8719,10186,9253,1359,12298,6506,1991,260
53,0,0,0,3,1597,2284,4115,450,17716,19278,19216,2912,27477,15300,5579,985
54,0,0,0,6,1133,2129,3528,1031,14235,16834,14421,3349,14496,8315,2580,345
55,0,0,0,0,930,1270,1357,69,2979,2258,1387,145,945,306,62,3
56,0,0,0,0,935,1196,1814,181,6660,4998,4798,487,5401,2033,686,93
57,0,0,0,0,1199,1756,1909,67,7032,7561,5602,1045,7450,4085,1521,337
58,0,0,0,1,1347,2063,2584,319,7278,6843,5955,1917,5062,2013,425,1
59,0,0,0,2,973,1598,2503,286,11472,12045,10559,2161,14591,6977,2370,313
60,0,0,0,0,1398,2188,3449,451,17630,15642,15421,4028,18544,8020,2531,276
61,0,0,0,0,572,1020,2407,246,12637,17068,23793,7391,37380,21096,8528,1403
62,0,0,0,1,1833,2602,3022,131,11138,10333,8169,1133,9010,3764,987,96
63,0,0,0,0,747,1540,2728,42,12522,14152,13173,3106,14779,5643,1417,131
64,0,0,0,0,1070,1809,2768,282,16874,18728,18056,3585,34556,18683,7308,1363
65,0,0,0,0,1849,2227,2389,7,6368,4560,3348,509,2709,957,227,28
66,0,0,0,0,1088,1524,2086,29,8515,6536,5116,703,5354,1993,415,51
67,0,0,0,0,1236,1323,1369,88,4406,3298,1967,357,1595,600,115,23
68,0,0,0,6,1657,2062,2679,271,9465,7896,6634,816,6731,2756,890,137
69,0,0,0,2,765,812,926,101,2594,1813,1263,416,1197,230,60,2
70,0,0,0,12,1980,3254,4054,436,13303,15814,12923,3157,15398,8271,2227,344
71,0,0,0,0,749,1526,2269,143,7615,8894,7642,1533,7015,4130,1369,167
72,0,0,0,0,1118,1962,2663,90,12778,13787,10927,1841,14388,6981,2247,405
73,0,0,4,0,906,1193,1490,13,3665,3607,2860,279,2389,1160,321,40
74,0,0,0,0,888,1923,3211,72,18827,22070,22174,3131,34429,19550,7552,1482
75,0,0,6,0,1721,3330,4375,126,13014,17578,13972,1544,11485,7087,2619,534
76,0,0,0,0,1613,2403,2753,34,9339,8998,7642,912,8516,4348,1254,245
77,0,0,0,3,1428,1697,2116,386,6025,5005,4235,1212,4182,1567,386,15
78,0,0,0,0,511,885,1174,110,4409,4533,3563,815,4141,1869,461,105
79,0,0,0,0,498,639,1277,77,5662,5110,4271,835,4265,1951,565,104
80,0,0,0,0,700,1002,1331,21,5017,4274,3824,361,4507,1729,518,61
81,0,0,0,2,1186,1779,2861,344,12469,13263,13348,3405,19263,9461,3477,723
82,0,0,0,0,1171,1966,2685,17,11033,12163,10676,913,13794,7076,2691,610
83,0,0,0,0,699,1090,1299,41,4032,3821,2965,516,3233,1209,350,68
84,0,0,0,0,544,685,916,9,3280,3573,2805,391,3170,1871,493,81
85,0,0,0,1,804,1402,1801,203,7923,8617,6465,1255,8111,3776,999,121
86,0,0,0,0,1445,2199,3523,60,23300,20721,18154,2441,25022,13288,5508,952
87,0,1,2,72,1385,2472,5278,1992,19866,25331,30919,9347,40385,23381,10062,1183
88,0,0,0,9,1447,2899,4223,429,20255,26705,27464,7263,44440,26040,10087,2069
89,0,0,0,2,1634,2182,3689,283,15773,14554,15235,2112,20847,9294,3199,431
90,0,0,0,0,922,1125,1221,63,3042,2719,2269,422,1892,749,219,22
91,0,0,0,0,1412,2390,3055,292,8359,10157,7960,2142,8504,3980,1132,204
92,0,0,0,7,1142,1817,3388,884,12476,10994,8724,2397,9777,2372,330,32
93,0,0,0,0,363,406,617,23,1983,1761,1784,322,1912,1129,358,82
94,0,0,0,12,581,1002,1794,413,8056,8728,7617,1621,10061,4569,1275,162
95,0,0,0,1,1556,2304,2927,44,8649,8608,7698,1224,9850,4700,1727,287
96,0,0,0,0,2335,3333,4151,122,15224,14400,9405,1483,8567,3130,844,62
97,0,0,0,1,694,1354,2297,143,11233,12939,12589,2107,14804,8574,3282,562
98,1,1,4,1,728,839,1462,142,6666,6789,7944,2836,8016,2440,508,55
99,0,0,0,2,520,943,1344,102,9979,10857,9518,1651,13089,6490,1904,551
100,0,0,0,0,720,1073,1631,24,6402,6321,6345,1347,9671,4440,1279,177
101,0,0,0,2,1131,1806,2674,258,11647,12550,12224,1357,18333,9041,3663,759
102,0,0,0,1,1764,3974,7222,1085,48178,65016,74191,17443,132729,85647,34148,6617
103,0,0,0,0,651,938,1482,107,4114,3994,3437,718,4255,1593,414,41
104,0,0,0,1,1196,1677,2133,295,10405,8375,5997,1022,6443,2954,990,195
105,0,0,0,7,658,926,1511,113,6176,6305,6157,1055,8644,4621,1993,323
106,0,0,4,0,1179,2525,4928,138,24806,37429,43158,10673,69670,41674,17116,3374
107,0,0,0,8,991,1516,2165,490,9399,8755,5914,1812,4579,1561,285,30
108,0,0,0,1,1227,1733,2876,153,11076,11248,10889,3053,13156,5242,1247,194
109,0,0,0,2,664,1062,1354,109,4768,4264,3884,776,5306,2334,694,83
110,0,0,0,0,1248,2035,2909,38,10374,10850,9542,1440,10206,4597,1223,166
111,0,0,0,1,1353,2274,3562,216,11781,11189,9773,1480,9584,3514,1101,82
112,0,0,0,0,1093,1570,2002,48,10731,9219,6214,611,6898,2334,336,28
113,0,0,0,27,1567,2106,3735,356,15735,15307,15722,3006,17130,6515,1225,105
114,0,0,0,0,2191,3524,5711,35,23612,23058,21657,2213,26808,12234,4262,735
115,0,0,0,46,1200,2066,3168,1406,14518,15569,13208,4985,13802,6529,1622,170
116,0,0,0,3,943,1458,2455,323,12174,11625,7803,2011,10205,3818,467,53
117,0,0,0,26,2386,3933,5015,914,20584,21415,16719,4684,16242,5695,969,58
118,0,0,0,1,360,520,644,51,3000,3744,3280,866,4401,2364,669,82
119,0,0,0,10,1808,2470,3430,762,12711,12555,10220,3188,8739,3952,899,107
120,0,3,19,0,1886,4253,5037,249,16282,19973,14863,3114,15104,6390,1514,205
121,0,0,0,0,1135,1693,2170,57,7616,7106,6183,826,6036,2679,1055,128
122,0,0,0,0,780,807,1253,50,5513,5507,5358,648,7169,3655,1192,229
123,0,0,0,2,849,1011,1252,79,5196,5191,4659,615,7252,3505,1383,269
124,0,0,0,9,1111,1283,1343,53,3243,2731,1682,317,1292,451,72,46
125,0,0,0,0,1079,1529,2497,33,12862,11489,9697,1536,11107,4595,1098,158
126,0,0,0,2,1411,1998,2775,189,17135,18404,13593,2171,19297,9779,2302,360
127,0,0,0,0,942,1185,1687,75,4782,4194,3177,499,2712,857,154,8
128,0,0,0,2,978,1763,2487,98,10220,11732,10322,2360,15053,6769,1996,350
129,0,0,0,0,1612,2474,4078,77,24481,27595,25913,2576,38128,20293,6607,1021
130,0,0,0,4,850,1126,1108,134,2643,2207,1601,135,1082,385,75,8
131,0,0,0,0,521,714,1266,9,4174,3804,4337,1113,4659,1570,436,80
132,0,1,10,1,971,1828,3174,173,11891,13478,12539,1916,15664,9498,3128,645
133,0,0,0,0,1674,2433,3043,131,10491,9485,6982,1695,7085,2835,624,126
134,0,0,0,2,2920,5551,7733,683,28292,27435,22194,5470,21301,8407,2018,241
135,0,0,0,5,1167,2237,3597,586,16896,18714,18360,3874,23273,12008,4421,718
136,0,0,0,0,1330,2201,3368,219,12799,13138,12582,1736,17156,7821,2925,484
137,0,0,0,0,2149,3033,3872,212,13357,10679,8517,1346,8060,2882,798,88
138,0,0,0,1,1605,3445,5302,75,21175,26792,23272,3844,30589,16680,5158,791
139,0,0,0,10,1036,1983,2619,370,9999,10653,8802,2949,8003,3389,779,45
140,0,0,0,1,888,1605,2492,325,9484,10015,7866,1811,8248,3229,810,83
141,0,0,0,1,870,1303,1636,50,7350,7252,6076,785,7344,3870,1222,175
142,0,0,0,0,988,1012,970,106,4247,3675,2389,673,2483,1086,232,37
143,0,0,0,0,1091,1588,2284,92,12686,12370,9050,1307,8975,3707,993,119
144,0,0,0,0,945,1284,1610,80,5963,4912,3506,541,3275,1320,361,77
145,0,0,0,0,798,1172,1916,37,7431,7204,6743,1071,7928,3914,1267,251
146,0,0,0,3,2096,3592,4547,111,18780,19385,17822,2121,21258,9264,2708,205
147,0,0,0,1,280,447,575,14,1636,1501,1145,172,1221,483,142,22
148,0,0,0,1,1063,1923,3227,303,13704,17032,16943,4895,25337,14691,5284,1206
149,0,0,4,24,2111,4158,8545,2137,61486,74100,87917,18995,176732,98024,41095,7101
150,0,0,0,6,926,1132,1539,32,5545,6005,6286,1997,9313,4456,1374,247
151,0,0,0,0,471,962,2300,140,11850,12829,13192,2485,15391,7225,2203,389
152,0,0,0,0,1820,2563,3388,64,12880,12027,9898,1830,11324,4407,1262,241
153,0,0,0,0,766,1360,2644,63,16358,17734,17731,3089,26472,12913,4723,863
154,0,0,0,1,727,1171,1930,328,8438,7785,6685,1802,5370,1910,389,22
155,0,0,0,2,594,1161,2067,76,11514,13577,12218,4175,15723,8663,2995,258
156,0,0,0,0,1466,2480,3665,22,13120,14691,13824,2443,17583,9975,3768,741
157,0,0,0,0,1552,2081,2644,61,8585,8338,7066,1203,8108,3648,1168,225
158,0,0,0,0,1191,2042,3091,76,15068,15910,12445,1765,14253,6980,1903,305
159,0,0,0,1,979,1669,2596,162,14043,15755,14455,3031,21037,11505,3752,598
160,0,0,0,0,1383,1775,2950,0,13456,13793,13308,2030,17022,8107,3059,536
161,0,0,0,0,812,1352,1286,42,3564,3689,2087,438,1715,919,132,25
162,0,0,0,4,1975,3283,4395,691,17657,18598,17406,4633,17400,7954,2293,292
163,0,0,0,0,1527,2428,3371,15,11757,10987,9628,1088,8746,3025,644,68
164,0,0,0,1,2828,3583,4458,305,14740,12491,9793,2260,9998,3793,1005,131
165,0,0,0,76,1256,2306,4674,133,26725,34265,44691,8195,89938,40645,14125,1692
166,0,0,0,0,1635,2410,3149,19,11147,11285,9238,860,9873,4957,1534,245
167,0,0,0,10,1614,2250,3103,137,10045,9955,10466,1806,11718,5291,2046,271
168,0,0,0,0,1753,2763,3361,107,12659,12433,9698,2062,10540,4988,1619,251
169,0,0,0,0,1146,2043,2486,155,6907,5791,4339,493,4761,1288,284,49
170,0,0,0,22,2837,4678,5364,1240,22525,22860,17304,3537,23290,11586,4340,771
171,0,0,0,0,435,671,1092,28,6361,5862,4210,1043,5301,1617,249,25
172,0,0,0,17,1379,1683,2505,518,8096,6395,5120,1069,3702,1052,245,12
173,0,0,0,0,725,1138,1263,104,3770,2975,2040,491,1525,524,104,14
174,0,0,0,0,2503,4434,6539,63,30564,33593,32082,2920,43941,22607,6797,1019
175,0,0,0,0,657,1041,1705,94,10942,11555,11005,1639,16298,7614,2399,385
176,0,0,0,0,796,1094,1460,85,3659,3197,2649,426,2953,1217,362,126
177,0,0,0,0,1197,1534,1447,6,3563,3231,2432,441,2585,1425,416,64
178,0,0,0,0,1897,2397,3242,66,12484,10753,9434,1416,11146,5046,1571,241
179,0,0,0,0,1364,1976,2145,49,8556,7835,6859,1269,8600,3292,797,114
180,0,0,0,0,990,1933,2942,45,16590,16806,15530,1884,24855,10150,2846,464
181,0,0,0,5,1120,2023,3085,231,14168,15412,15630,2120,25960,14012,5887,1381
182,0,0,0,2,1424,2795,4452,459,20556,22721,20084,4891,24151,11056,3717,629
183,0,0,0,1,632,1103,1886,62,16366,18024,18343,2496,29624,14087,5000,729
184,0,0,0,1,856,1980,3358,462,19435,25501,25113,5464,35834,22257,9199,1819
185,0,0,0,2,997,1635,2370,192,8449,8587,7883,1316,7467,3333,1098,197
186,0,0,0,0,1093,1853,2585,26,12484,13797,12653,2129,19140,10610,3931,681
187,0,0,0,2,1925,2684,3952,461,18462,14790,12795,2778,18394,7372,2513,621
188,0,0,0,0,905,1257,1583,86,6686,6205,4661,982,4872,2012,465,70
189,0,0,0,0,676,1038,1487,12,5051,5411,5912,798,7934,4099,1593,222
190,0,0,0,1,1376,2342,3882,519,20467,20617,17995,5448,18580,7946,2007,280
191,0,0,0,1,1250,2200,2650,239,10128,9924,7210,1902,6670,1935,580,50
192,0,0,0,1,1176,1919,2968,451,12299,11332,10087,2334,11732,4828,1464,230
193,0,0,0,0,360,806,1292,26,9589,11948,10411,1495,16655,8205,2659,399
194,0,0,0,0,1238,1859,3034,83,13864,13936,12897,1920,17378,6737,2059,284
195,0,0,0,0,400,942,1827,217,7735,7933,6366,2002,7697,3346,926,167
196,0,0,0,11,1141,2019,3957,1554,25171,25686,27637,11157,51816,24904,9289,1358
197,0,0,0,0,725,949,1412,127,5876,4604,3911,735,3730,1299,412,112
198,0,0,0,2,950,1239,1459,248,5801,5257,4785,1929,7066,3018,1062,180
199,0,0,0,38,1850,3499,5524,1602,30515,38390,31086,10542,46345,23180,5144,611
200,0,0,0,0,694,1248,1735,64,8369,9698,8733,1461,11249,6099,2153,393
201,0,0,0,0,850,986,1287,26,4298,3851,3027,540,3888,1911,584,117
202,0,0,0,0,817,1316,1622,35,3552,3693,3598,629,4722,1960,587,115
203,0,0,0,3,1156,2480,3099,21,12804,16361,13993,2287,21365,10292,3043,551
204,0,0,0,1,1143,1856,2832,336,12517,12426,11333,3384,12146,4479,1185,125
205,0,0,0,9,1348,2042,2405,359,8158,7688,5560,1383,5453,2115,566,73
206,0,0,0,18,935,1130,1785,183,9485,9230,9629,1406,16696,8172,2952,587
207,0,0,0,1,861,1357,2448,353,13262,14853,15091,4201,20342,9025,2726,404
208,0,0,0,1,2795,3993,5388,333,21450,19510,17699,3244,19203,8413,2834,463
209,0,0,0,0,424,1086,1595,86,5571,6050,5022,1624,4553,1924,479,58
210,0,0,0,0,1214,1620,1994,0,6378,5153,4064,456,4296,1839,512,77
211,0,0,0,8,1112,2308,4581,429,39760,60148,79423,12609,174006,101768,41570,7671
212,0,0,0,0,1400,1896,2769,43,9425,9652,9350,1361,12338,5973,2445,482
213,0,0,0,0,750,1366,2203,0,9885,9655,8586,1119,10714,4874,1366,233
214,0,0,0,2,709,1302,2078,259,9687,9935,7968,1145,9183,4431,1421,196
215,0,0,0,10,954,1841,2642,453,10768,10846,9885,1304,11516,5400,1897,399
216,0,0,0,0,1029,1405,1522,25,3204,2952,2344,279,2707,886,160,6
217,0,0,0,6,836,1095,1278,48,3881,3206,2695,493,2053,916,329,24
218,0,0,0,0,896,1325,2165,284,11068,10276,10545,1972,14109,6216,2225,319
219,0,0,0,0,1078,1249,1537,9,4554,3923,3121,406,2801,1007,290,18
220,0,0,0,0,1571,2210,2876,29,10302,9343,6972,754,8257,3145,745,126
221,0,0,0,6,2327,3851,5417,230,21927,22509,17629,2574,23264,9431,2374,321
222,0,0,0,7,1280,2023,2447,184,9876,9816,8076,1073,10566,5188,1736,309
223,0,0,0,25,1464,2690,4103,851,13950,15726,15811,4312,15007,7224,2492,285
224,0,0,0,1,716,955,1528,84,5518,4900,3670,565,5464,2380,690,101
225,0,0,0,0,855,1122,1240,23,4122,3605,2863,329,3049,1306,423,59
226,0,0,4,3,2094,4686,8401,1135,39479,43259,44651,8580,57711,21208,7036,1396
227,0,0,0,0,1536,1955,2436,56,5798,6683,5772,791,6774,3681,1257,295
228,0,0,9,4,871,1244,1846,273,9224,7870,8259,1910,14892,5422,1914,272
229,0,0,0,0,721,1356,1871,25,6818,6098,4083,638,2317,685,119,8
230,0,0,0,1,857,1425,1739,41,6721,7015,4643,313,4544,2284,655,129
231,0,0,0,0,768,1010,1425,67,5876,4984,4021,567,4535,1791,517,74
232,0,0,0,2,1240,2117,2456,185,13717,12845,8049,1723,8847,3082,598,40
233,0,0,0,1,577,959,1622,27,5325,5157,4587,311,6044,2705,862,127
234,0,0,0,0,1100,2249,3458,36,19165,24957,26259,4783,46827,27385,12503,2853
235,0,0,0,0,830,1187,1396,14,4370,4074,3083,484,2869,1199,335,19
236,0,0,0,0,1630,2222,2909,47,10796,11069,9439,1611,11327,4627,1250,125
237,0,0,0,0,423,1011,1510,119,9413,12400,8755,1646,11535,6620,1546,263
238,0,0,0,0,774,1546,1846,15,6767,7957,6528,878,8801,3937,1154,107
239,0,0,0,0,1040,1502,1891,55,5711,5565,4649,719,5397,2468,774,102
240,0,0,0,1,708,1199,2039,85,9515,12408,13950,2878,21855,10427,3333,409
241,0,0,0,25,757,1594,2934,504,16937,21326,26384,5496,44113,24823,11124,2433
242,0,0,0,1,1020,1543,2067,78,8225,9614,9630,1843,14469,7740,3274,560
243,0,0,0,20,1081,1878,3235,933,18595,23483,26737,7298,45523,25248,9919,1742
244,0,0,0,3,543,778,1229,190,4236,3216,3111,765,3990,1360,184,23
245,0,2,4,0,1304,1681,1951,19,12046,13636,10176,1072,12803,6785,2029,335
246,0,0,0,2,2736,4322,5010,267,15829,15724,12589,1917,13338,6867,1913,408
247,0,0,0,1,848,1243,2020,94,7714,7906,6849,1182,7886,3435,1019,113
248,0,0,0,0,930,2084,3225,77,15513,18628,15882,1630,21185,11523,3764,644
249,0,0,0,0,885,1658,2110,127,8426,9692,7658,2373,8361,4389,1144,122
250,0,0,0,0,906,1044,1285,20,4073,3371,3058,578,3225,1147,313,19
251,0,0,0,0,1023,1450,1428,31,3528,3138,1686,256,1269,592,64,9
252,0,0,0,15,1436,2236,3095,195,17280,19765,20145,3072,33995,16954,6447,1092
253,0,0,0,3,1360,2275,3220,150,11668,12701,10945,1832,14008,6288,2162,266
254,0,0,0,0,883,1758,2318,66,8493,10411,9599,1527,13511,7614,3077,742
255,0,0,0,4,795,1369,1782,133,7976,9403,9352,1456,12514,6546,2368,330
256,0,0,0,1,1849,2759,4498,146,22599,22092,19082,2466,26033,12405,4747,752
257,0,0,0,1,1168,1157,2328,179,18797,14626,16066,2485,26638,8550,2725,295
258,0,0,0,46,1503,2198,2756,407,8348,8474,7318,1479,6770,2891,719,52
259,0,0,0,2,1360,1819,2644,187,10256,9474,8998,2008,13474,6615,2606,458
260,0,0,0,10,1100,1691,2378,366,8942,8731,6742,1547,7995,2654,616,66
261,0,0,0,1,1129,2102,2988,362,9119,9038,8147,1714,5375,2060,606,53
262,0,0,0,44,1062,1888,3070,1842,13881,15982,15682,6535,22096,10787,3281,370
263,0,0,0,0,1396,1701,2037,164,6085,4409,3292,616,3171,806,144,12
264,0,0,0,0,783,1076,1426,31,5136,3938,3170,546,3595,1372,342,50
265,0,0,0,0,509,591,838,87,2505,1845,1102,201,809,370,109,19
266,0,0,0,1,876,1394,2058,29,9905,9996,9848,2095,14291,6007,1256,121
267,0,0,0,0,1056,1053,1069,48,2624,1998,1477,322,1240,360,90,13
268,0,0,0,0,1244,1698,2385,50,9948,8573,5667,676,5824,2088,475,39
269,0,0,0,16,873,1794,3473,773,25225,33477,39167,9070,101473,62802,28212,6417
270,0,2,4,1,1702,2160,2522,159,12230,10910,9125,1795,11745,5457,1518,231
271,0,0,0,1,979,1191,1512,139,4902,3565,2929,730,2783,668,194,21
272,0,0,0,0,1138,2111,3356,14,14674,17262,17286,2078,23400,12670,3853,678
273,0,0,0,0,1616,2850,4643,149,20366,21240,19373,2339,21823,10391,3057,471
274,0,0,0,3,475,828,982,232,6817,6229,4412,1458,4719,2031,792,348
275,0,0,0,0,618,984,1455,32,5833,6208,4730,930,5281,2763,576,133
276,0,0,0,0,1221,1507,2277,215,11613,10097,8285,1940,11086,4488,1578,186
277,3,16,75,6,1452,2020,2559,356,8635,8561,6572,1570,6364,2509,511,61
278,0,0,0,0,690,996,1493,100,7866,7218,6165,954,7716,3150,1009,159
279,0,0,0,0,1129,1585,1806,51,5136,4661,3367,434,3543,1349,270,31
280,0,0,0,15,1527,3212,5526,403,25888,37304,39586,10436,58097,37907,15998,3544
281,0,0,0,0,1233,1681,2274,60,8606,8744,7343,1578,7062,3228,795,112
282,0,0,0,2,1082,1813,2648,202,12113,14204,12172,3270,18374,12179,4087,858
283,0,0,0,2,1328,1694,2049,81,5826,5741,4759,987,5491,2351,678,83
284,0,0,0,2,900,1970,3916,266,19267,23887,25895,6290,32833,17799,5812,955
285,0,0,0,0,777,1036,1451,144,5396,4429,3172,417,2896,1359,378,60
286,0,0,0,0,680,1009,1319,94,5070,4495,4170,1113,4598,1832,664,85
287,0,0,0,0,2711,4616,6503,40,27654,31250,29636,5070,42925,22794,9083,1832
288,0,0,0,0,993,1351,1710,10,5134,5180,4980,667,6365,3351,1303,231
289,0,0,0,28,2874,4812,6717,1019,37433,40015,33803,10997,65242,25692,5732,882
290,0,0,0,0,1301,2278,3167,32,15364,16482,15080,2186,18991,8150,2275,405
291,0,0,0,14,572,903,1255,329,5098,4824,4309,1281,6187,2857,1107,231
292,0,0,0,0,694,1305,1478,51,6199,6835,4928,612,6384,3431,1543,289
293,0,0,0,0,1022,1610,2137,10,7668,7743,6348,756,7327,3455,884,117
294,0,0,0,3,1224,1502,2939,122,10515,9190,11133,2432,13921,6992,2977,564
295,0,0,0,0,632,903,1218,174,3878,3532,3382,685,2450,803,209,15
296,0,0,0,0,1030,2014,2650,18,10340,10446,10152,1347,14708,7940,2846,528
297,0,0,0,1,863,1211,1728,308,9565,9378,8099,1328,15018,7125,2450,549
298,0,0,0,15,844,1460,2174,553,11121,12110,11583,2102,15427,7720,2514,504
299,0,0,0,0,1301,2251,3483,50,13995,18212,19437,3885,28866,17615,7229,1578
300,1,3,15,0,1354,1970,2745,25,10090,9056,6625,1001,6168,2519,532,62
301,0,0,0,0,900,1698,2419,125,10588,11866,8927,2318,11574,5451,1399,255
302,0,0,0,8,832,1089,1497,144,9192,8431,7645,770,7434,3058,999,216
303,0,0,0,7,1136,1500,1998,172,7140,5830,4655,887,4865,1550,475,68
304,0,0,0,0,972,2654,3584,196,18647,22078,18896,4770,26250,13154,3993,614
305,0,0,0,12,1079,1216,1364,245,4626,3365,2229,726,2654,875,115,25
306,0,1,6,0,1327,2665,4288,87,15399,19357,18199,3306,19437,9178,2573,294
307,0,0,0,0,526,705,855,0,2684,2636,2155,331,2807,1362,430,71
308,0,0,0,0,524,739,942,171,4004,3202,2315,579,2535,966,308,68
309,0,0,0,14,306,603,1184,388,7118,10577,11309,1979,21800,16333,7554,2408
310,0,0,0,0,1309,2238,3411,25,14514,14781,12256,1277,14534,6087,1518,177
311,0,0,0,0,836,981,1302,7,4790,3473,3469,265,3332,1177,309,50
312,0,0,0,23,3140,4737,6387,622,29960,31929,31393,6887,50146,25558,10123,1806
313,0,0,0,0,1055,1769,2043,32,7600,7668,5861,640,6597,3146,1090,208
314,0,0,0,3,755,990,1527,91,5002,4327,3411,476,3460,1508,449,61
315,0,0,0,8,1203,2178,2923,115,9681,10928,9298,1536,11732,6291,2204,505
316,0,0,0,0,1460,2308,2885,146,9264,9491,7890,1654,8709,3064,623,62
317,0,0,0,6,389,573,893,230,5872,5154,4092,553,6201,2444,645,97
318,0,0,0,0,962,1114,1481,40,4860,3953,2954,453,3323,885,171,46
319,0,0,0,0,1596,2088,2763,84,9686,8188,5745,1091,5438,1789,408,43
320,0,0,0,0,657,929,1033,46,3791,4211,3370,765,4155,2384,782,139
321,0,0,0,0,2123,3645,4659,236,21099,25364,22268,2974,31601,17529,5702,1195
322,0,0,0,0,513,885,1282,19,5108,5179,4210,548,4828,1754,354,49
323,0,0,0,0,1236,1603,1953,173,5019,3585,2630,592,1865,580,116,11
324,0,0,0,0,1339,2531,2925,51,7642,7868,6819,1371,7086,2750,787,102
325,0,0,0,0,1516,2412,3760,119,23235,23361,21038,3567,26806,12841,4534,821
326,0,0,0,64,1913,2348,2560,1100,10168,7339,5083,1673,6403,1823,515,102
327,0,0,0,0,943,1787,2735,8,9783,10152,10802,2776,11396,4626,846,30
328,0,0,0,0,1025,1122,1591,13,4438,2886,2230,150,2094,437,47,2
329,0,0,2,10,3014,4959,8855,536,55510,57574,60260,9684,102325,52699,19904,4099
330,0,0,4,0,741,1358,2317,57,8365,11062,10805,2051,12388,7335,2663,496
331,0,0,0,2,675,1507,4047,25,17677,21353,23715,3864,36510,16739,5361,759
332,0,2,8,0,989,2516,4496,183,21307,30078,30443,5928,47857,29357,11501,2131
333,0,0,0,9,320,340,505,52,1785,1602,1554,274,2179,1302,477,128
334,0,0,0,0,548,735,974,18,3249,3204,2658,280,3199,1759,664,141
335,0,0,0,0,1548,2761,4524,288,22640,24003,23388,2664,36000,18453,6730,1097
336,0,0,0,0,1326,1471,1828,14,5752,5491,4460,420,4068,1693,510,42
337,0,0,0,1,1430,2025,2957,121,12487,9981,7723,929,10965,4626,1525,284
338,0,0,0,11,834,1490,2019,452,7619,7047,5010,1045,5418,2106,647,86
339,0,0,0,0,1021,1483,1704,45,5878,5381,4320,697,5680,2249,631,112
340,0,0,0,0,597,860,1200,79,3508,3283,3058,731,3506,1827,602,80
341,1,3,16,20,2037,2291,2241,429,8352,7105,2677,216,3891,1524,118,35
342,0,0,0,0,845,1211,1440,74,6331,6404,5085,1020,6260,2541,636,52
343,0,0,0,50,3637,5635,7529,612,27879,27934,23120,3804,27210,12911,4261,752
344,0,0,0,2,1269,1459,1560,38,4264,4406,3298,436,4151,2177,556,187
345,0,0,0,2,1584,2344,3182,256,10632,8902,8334,1958,7371,1679,297,23
346,0,0,0,2,1559,2828,3955,494,16080,16585,15348,3695,16519,7300,2270,294
347,0,0,0,2,1824,2285,2583,103,5581,5258,3600,1004,2505,895,147,22
348,0,0,0,0,1445,2025,2327,46,5750,4505,3884,374,2973,1232,392,59
349,0,0,0,36,643,1298,2868,1754,19954,21860,19307,5234,31371,14620,4176,675
350,0,0,0,0,874,1951,2313,127,7964,9889,8616,2013,10866,5058,1600,234
351,0,0,0,17,2125,3388,6072,463,20920,19332,21448,2967,21782,7413,2198,253
352,0,0,0,2,1097,1780,2667,205,13048,12812,10121,1629,10949,4668,1136,125
353,0,0,0,2,966,1776,3869,279,26038,29746,31762,7239,48334,22452,7428,1263
354,0,0,0,2,785,1047,1350,105,3634,2806,1969,394,1360,303,60,4
355,0,0,0,1,473,464,500,36,1664,1616,1461,120,1522,694,192,24
356,0,0,0,3,1466,2545,3299,105,9722,9720,8698,1032,9395,3986,1087,171
357,0,0,6,0,1201,1527,1955,95,5635,5890,4758,585,4542,1849,538,73
358,0,0,0,0,2293,3988,6489,412,32230,35731,35143,8736,54472,27965,9102,1651
359,0,0,0,0,1546,2712,3310,35,11919,11759,10666,1951,11630,4762,1325,147
360,0,0,0,0,1501,1835,2026,24,6073,5279,3807,296,4256,1795,516,96
361,0,0,0,0,499,822,1169,10,3991,3686,3355,171,3409,1223,221,21
362,0,1,10,0,1043,1636,2039,7,8411,9073,7517,630,10388,5171,1726,255
363,0,0,0,0,1808,3202,4223,90,20052,20601,17983,3226,26305,12408,4633,776
364,0,0,0,0,872,1510,2285,32,11319,11469,12308,1974,16367,7184,2807,373
365,0,0,0,10,1001,1562,2826,96,14562,10627,10364,1449,12409,4011,1099,67
366,0,0,5,0,1819,3684,7060,358,31690,38361,41440,8076,61164,35459,13854,2864
367,0,0,0,0,1653,2230,3194,142,12785,11488,9645,2581,14028,5111,1310,275
368,0,0,0,0,740,1087,1502,184,5774,5121,4051,1048,4345,2110,576,59
369,0,0,2,1,1796,2275,4001,189,19819,15603,14456,2797,20298,7459,2144,310
370,0,0,0,0,1542,2084,2730,56,15697,15016,13665,2237,20239,7608,2045,349
371,0,0,0,0,1319,2606,4699,231,23188,30722,33374,7747,48725,29057,11599,2417
372,0,0,0,1,1257,1661,2214,65,5607,4944,4465,733,3995,1433,425,61
373,0,0,0,50,1035,1363,1282,396,4045,3216,2164,681,1984,754,108,18
374,0,0,0,0,606,1249,1897,18,9769,13001,11502,2404,15291,9317,3042,504
375,0,0,0,7,606,960,1438,144,5241,6148,6175,1444,8451,4013,1650,287
376,0,0,0,2,1432,2107,3249,296,16897,17321,15907,3054,24508,10827,3611,643
377,0,0,0,90,959,1469,2338,332,11378,11382,9803,1088,13281,5071,1272,168
378,0,0,0,77,2062,3409,3905,993,16229,15369,11481,3249,12630,5529,1334,191
379,0,0,0,2,571,861,1334,78,6948,6917,7056,1139,9889,5328,1878,329
380,0,0,0,1,1087,1885,2995,40,9724,11787,13915,1366,21957,11306,4103,933
381,0,0,0,0,978,1775,2329,141,8802,8598,6726,2019,6953,2534,583,98
382,0,0,0,9,1178,1826,2659,341,13790,14106,11971,1882,18456,9372,3141,657
383,0,0,0,0,1230,1585,2033,21,7594,6391,5459,881,6074,2398,684,127
384,0,0,0,0,678,852,892,31,3104,2682,1854,254,2187,1196,442,135
385,0,0,0,0,955,1369,2081,31,8345,8242,7306,1176,8442,4103,1304,256
386,0,0,0,0,552,611,686,27,1893,1436,1143,188,1191,490,282,31
387,0,0,0,4,895,1699,2368,389,11922,13951,12301,2927,16640,9872,2635,318
388,2,11,55,18,1743,2694,3837,15,14239,17058,18015,701,20159,9582,3129,157
389,0,0,0,10,1289,1868,2103,293,5421,5702,4126,867,2925,1076,207,12
390,0,0,0,0,629,1426,2092,43,9787,11353,10862,2032,15245,8220,3188,587
391,0,0,0,0,686,1495,2498,133,11210,12557,11847,2190,14666,6231,1820,293
392,0,0,0,0,1401,2027,3031,41,15846,15996,12787,1990,16809,8496,2709,564
393,0,0,0,0,714,1255,2024,126,8954,8408,7365,1498,9452,4204,1391,284
394,0,0,0,0,1583,2441,3166,54,11881,12363,9856,1393,11164,5094,1478,193
395,0,0,0,0,910,1548,2379,73,10709,11205,9274,1834,11561,4703,1271,115
396,0,0,0,0,378,712,1017,0,5927,8357,9140,321,23812,19156,9945,2653
397,0,0,0,3,770,1124,2342,95,19021,18981,19678,2290,32282,16071,6336,1252
398,0,0,0,0,940,1503,1935,39,6466,4924,3671,382,3318,1379,361,44
399,0,0,0,0,1578,1936,2008,118,7527,6150,3468,420,2973,1018,289,27
400,0,0,0,0,761,1134,1571,48,4573,4289,3534,468,2627,1022,273,32
401,0,0,0,0,593,1555,1966,81,8883,11819,9326,1967,12949,7996,2499,500
402,0,0,0,0,662,1112,1649,24,7498,8876,8018,1267,10333,5849,1722,335
403,0,0,0,2,1239,1752,2210,99,7856,7685,7228,1619,7998,3339,1101,204
404,0,0,0,0,694,797,871,83,4148,2996,2000,305,2774,1136,326,68
405,0,0,0,0,553,543,622,10,1931,1818,1652,306,2084,913,296,59
406,0,0,0,7,439,775,835,160,3152,3112,2224,843,3017,1125,369,60
407,0,0,0,0,746,1137,1495,68,5070,5348,4450,829,4312,2106,582,91
408,0,0,0,0,423,820,1089,10,5487,4841,3655,320,4515,2002,596,86
409,0,0,0,0,590,1236,1690,77,8656,9244,8258,1397,10910,5675,1987,403
410,0,0,4,0,1340,2170,4517,174,22202,23100,28022,4060,31265,13587,4096,357
411,0,0,0,1,935,1175,1442,56,4183,3882,2690,413,2821,1271,410,74
412,0,0,0,0,2042,2395,2618,40,8174,5974,3789,270,3535,1139,233,27
413,0,0,0,0,1243,2475,3771,57,15348,18170,17230,1567,26770,13491,4854,1063
414,0,0,0,0,1062,1864,2894,370,10925,11402,10527,2920,10229,4669,1322,180
415,0,0,0,2,606,1084,1396,35,4210,5850,4634,655,5734,3229,1092,275
416,0,2,20,44,1716,2958,4213,893,25000,26560,21354,6047,35044,15056,3178,558
417,0,0,0,0,1354,1818,2828,84,11419,10269,8637,1660,8233,3528,1004,146
418,0,0,0,8,614,1235,2869,256,11578,12937,15019,2136,23617,9993,3282,424
419,0,0,0,0,1048,1590,1892,17,6099,5269,4219,740,5530,2964,973,186
420,0,0,0,1,366,931,1344,110,6169,9285,8706,2428,16147,11767,4938,1103
421,0,0,0,2,402,607,926,124,4614,4293,4127,689,5360,2558,948,177
422,0,0,0,0,1523,2295,2309,29,5713,5185,3809,254,4642,1844,521,105
423,0,0,0,1,880,1696,2850,233,17166,21019,20689,3605,29628,15970,5169,876
424,0,0,0,6,1440,2066,3049,424,11792,11360,10549,3398,12493,4620,1442,161
425,0,0,0,1,659,1128,1523,207,4053,3780,2775,769,2296,868,200,19
426,0,0,0,21,1449,3153,5722,1828,44862,59081,59887,18623,126354,81476,33931,7373
427,0,0,0,2,413,614,597,54,2122,2432,1681,346,2034,1575,397,143
428,0,0,0,0,829,1162,1694,11,7262,7034,6389,978,8314,3902,1398,228
429,0,0,0,10,1218,2429,4293,387,22153,24661,25985,8839,34561,17412,5663,904
430,0,0,0,0,1698,2784,5936,185,24027,27153,33858,5079,46381,24619,10545,1764
431,0,0,0,9,1020,1718,2474,640,11244,10398,8227,2105,7832,3019,776,47
432,0,0,2,0,377,397,480,3,1222,985,966,167,710,401,182,38
433,0,0,0,4,1016,1951,2744,449,13187,17064,13895,3186,20954,13441,4908,955
434,0,0,0,7,691,942,1098,68,3914,3346,2273,436,2251,840,185,20
435,0,0,0,1,1102,2238,3538,242,17703,20835,18833,3741,24644,12490,3773,619
436,0,0,0,0,1027,1333,2165,32,9082,8201,8519,1485,7534,2963,588,72
437,0,0,0,0,1129,1704,2469,75,8013,6960,5994,2091,6077,2266,508,77
438,0,0,2,0,755,1203,2027,41,8196,8925,8127,1621,10471,5062,1525,190
439,0,0,0,4,1140,2033,2596,232,11289,12852,10560,2009,11841,5181,1324,145
440,0,0,0,41,1421,1860,1985,305,5718,5208,3442,532,2418,978,353,74
441,0,1,12,0,1839,2872,3352,112,12393,13291,9919,1190,12242,6754,1652,274
442,0,0,0,0,733,1168,1593,63,6783,7476,5591,1201,7709,3889,1293,252
443,0,0,0,0,331,783,1167,63,4301,4870,4779,921,5514,3234,945,210
444,0,0,0,0,1488,2108,2987,242,13018,11384,9320,1545,10869,3924,1042,127
445,0,0,0,0,773,967,1226,111,5796,5124,3912,847,5069,2453,747,238
446,0,0,0,0,596,719,733,15,1501,1206,768,167,458,157,28,1
447,0,0,0,1,970,1309,1683,109,5485,4596,4082,1160,5069,1659,553,65
448,0,0,0,0,883,1121,1332,56,4120,4111,3514,649,3964,1797,474,104
449,0,0,0,0,840,1093,1689,73,6224,5762,5556,903,7643,3195,990,192
450,0,0,0,0,524,822,1112,34,3907,3632,2856,274,3231,1807,602,108
451,0,0,0,0,1608,2193,2898,55,11721,11050,9409,1553,11688,4767,1413,219
452,0,0,0,0,682,1349,1885,126,6429,7224,5347,1038,6317,3126,710,128
453,0,0,0,0,1593,3097,4572,102,20236,24500,22225,4030,30061,16116,5653,1161
454,0,0,0,6,969,1524,2457,438,11899,11952,10662,4056,12414,4355,972,118
455,0,0,0,0,1792,3156,4922,204,20629,21223,18590,2515,19120,9519,2823,287
456,0,0,1,1,1253,2150,3580,107,18620,22303,23827,8290,48954,28535,10964,2268
457,0,0,0,19,1349,2574,3522,1336,21173,23878,19426,5584,22415,10531,2769,299
458,0,0,0,1,1794,2657,3281,47,10956,11223,9582,944,11561,5100,1744,240
459,0,0,0,3,738,1233,1719,95,7343,7454,6603,1727,10895,5062,1593,256
460,0,0,0,2,1370,1788,2495,165,9981,10032,7868,742,7342,3074,925,95
461,0,0,0,1,523,1100,2162,44,11334,13669,13849,2931,19043,9429,3093,486
462,0,0,0,0,381,398,538,21,1531,1059,753,75,1056,416,89,10
463,0,0,0,0,2055,2968,3912,68,12613,12072,9410,1264,9566,4669,1069,96
464,0,0,0,0,658,934,1312,128,3773,2945,2255,553,1588,505,101,9
465,0,0,0,0,806,1682,2393,75,12138,14131,12729,2900,16564,7956,2413,377
466,0,0,0,2,647,1335,2078,70,8067,8095,7151,1405,8856,3941,1243,269
467,0,0,0,0,1481,2049,2565,188,9788,8913,6973,1514,8315,3642,1052,154
468,0,0,0,0,905,1658,2180,125,8356,10654,9811,2601,13319,6410,1696,260
469,0,0,0,11,1162,1549,2209,108,8142,6770,5671,921,5064,1601,280,25
470,0,0,0,3,2253,2835,3604,344,12776,10591,8106,1947,10037,3367,887,108
471,0,0,0,29,1133,1509,1656,239,6964,6286,4100,380,5545,2064,620,116
472,0,0,0,5,355,428,484,9,1020,1107,968,129,1036,510,200,31
473,0,0,0,0,795,913,1089,6,3397,2949,2316,297,2670,1125,329,75
474,0,0,0,2,535,788,1122,211,4703,4307,3722,921,4786,2228,847,124
475,0,0,0,0,1051,1103,1200,26,3298,2098,1349,283,1435,432,186,34
476,0,0,0,2,1354,1884,3014,239,12891,12348,11930,2088,15979,6838,2045,329
477,0,0,0,1,1390,2251,3744,171,26144,27113,26524,3539,37987,15770,4392,717
478,0,0,0,0,973,1691,2233,122,9838,9751,7393,1706,8908,3316,948,161
479,0,0,0,237,1301,2258,2888,3828,11560,11733,7577,5909,6620,2876,479,56
480,0,0,0,0,1485,1837,2524,129,10784,10342,8390,2543,8995,3162,707,42
481,0,0,0,0,1977,3478,4782,138,17433,19328,16327,4485,17591,8344,2008,307
482,0,0,0,3,982,1825,2295,419,13208,13915,11295,2565,14379,7016,2009,403
483,0,0,0,0,1580,2721,3574,85,12965,12689,9594,2090,10558,3978,1272,260
484,0,0,0,2,1740,3084,4779,621,17009,17698,13636,3387,11698,4733,1164,185
485,0,0,0,0,987,2002,3026,38,15795,18081,16196,1949,20527,9448,3159,578
486,0,0,0,9,652,1045,1318,63,5191,5299,4511,728,7046,3555,1021,151
487,0,0,0,0,1025,1431,2119,49,8369,7363,6850,1070,9218,3480,1159,179
488,0,0,0,32,1137,1874,2423,567,7533,8152,5993,767,5357,2338,704,60
489,0,0,0,2,1058,1798,2967,138,12995,17734,18731,2634,24683,13250,4745,660
490,0,0,0,0,760,1005,1800,77,9729,8889,8462,1226,11147,4718,1468,205
491,0,0,0,0,813,1408,1996,16,7843,8767,7438,1442,8801,4289,1387,228
492,0,0,3,20,2102,3623,6206,1191,27559,35841,40300,10330,64287,42311,18657,4476
493,0,0,0,16,922,1662,2386,421,12202,13835,14116,3682,21720,9266,2870,491
494,0,0,0,0,2006,2939,3440,91,11093,10161,7805,1950,5985,1791,330,32
495,0,0,0,7,1199,1821,2873,116,8074,6865,6066,1343,4873,1713,462,83
496,0,0,0,0,909,2058,3761,271,13054,14952,17455,5331,24081,12381,4229,800
497,0,0,0,1,1121,1894,2988,61,15747,18930,18769,3018,31108,15332,5374,867
498,0,0,0,0,1656,2567,3777,80,13605,15511,14122,2387,16893,9150,3120,579
499,0,0,0,0,668,1070,1762,50,7890,8150,8957,1028,15135,6793,1996,363
500,0,0,0,0,1173,1894,2365,192,10273,9829,8375,1697,10343,5310,1635,231
501,0,0,0,0,1245,1939,2303,167,9000,8927,7200,1229,9906,4609,1644,298
502,1,7,48,2,1639,2832,6071,520,33535,46197,58078,14017,82516,48069,18677,3337
503,0,0,0,5,614,1069,1206,110,3879,4458,3428,870,4648,2495,881,156
504,0,0,0,13,1115,1749,2099,295,8158,9411,8236,2404,10391,5268,1706,352
505,0,0,0,4,699,971,1340,299,5882,6524,5112,1333,8301,5143,2170,662
506,0,0,0,0,554,1117,1389,32,5383,6685,6562,1282,9185,5067,1880,330
507,0,0,0,9,592,1292,1950,100,9084,11688,11312,2611,17863,9234,2857,459
508,0,0,0,0,1175,1803,2241,41,8301,8083,6662,969,6648,2725,772,107
509,0,0,0,10,945,1435,1863,123,6440,6725,5750,1246,6357,2682,826,119
510,0,0,0,2,1456,1599,1591,232,5032,3956,2779,470,2089,614,116,11
511,0,0,0,9,566,700,852,43,2839,2951,2551,372,2340,1067,407,59
512,0,0,0,0,1059,1500,2295,156,11376,10064,8846,1784,11010,3817,892,74
513,0,0,0,10,786,1427,2462,353,16311,18062,16766,3090,26837,12220,4209,789
514,0,0,0,0,673,841,853,112,2503,2378,1244,348,1101,365,55,21
515,0,0,0,0,1206,2119,3364,69,14052,16545,16366,1681,23414,11430,3908,683
516,0,0,4,0,1214,1676,1969,93,11012,11603,8263,1219,10924,5599,1531,328
517,0,0,0,2,470,551,667,165,2680,2752,2130,518,2890,1094,307,36
518,0,0,0,0,1355,1898,2206,120,6676,6099,4468,1129,4547,1789,480,68
519,0,0,0,0,892,1621,2698,413,15194,16055,12167,3317,14653,9400,3475,739
520,0,0,0,19,942,1286,1943,345,6957,7010,5791,1695,9506,4341,1100,246
521,0,0,0,4,1880,3474,6248,390,32923,42175,48163,7023,94497,59672,26396,6746
522,0,0,0,0,1279,2059,3513,447,18282,19647,18729,4461,22272,10637,3704,709
523,0,0,0,3,1389,1881,2228,110,6457,6206,4993,546,5075,2491,791,122
524,0,0,0,47,622,1218,1504,876,6737,10022,8254,3971,12854,7441,2550,563
525,0,0,0,0,378,849,1190,64,4144,4718,4916,1445,5268,2427,883,113
526,0,0,0,1,620,874,1310,181,4418,4312,3750,875,3759,1757,456,28
527,0,0,0,0,694,1337,1975,100,9205,9205,7919,739,8429,4431,1577,415
528,0,0,0,0,565,988,1241,12,3288,3167,2707,261,2605,884,257,20
529,0,0,0,4,619,1169,2103,97,15023,20544,22242,3240,35721,20821,7096,1348
530,0,0,0,13,1954,2642,3934,22,12260,12419,10632,979,10815,4423,1360,157
531,0,0,0,8,1824,3314,5521,866,27867,33551,31446,7068,42302,22015,7062,1308
532,0,0,0,7,618,746,991,152,4178,3178,2582,342,2647,905,227,44
533,0,0,2,2,734,913,1430,126,7401,6854,6290,897,11062,4901,1722,242
534,0,0,0,0,642,1059,1787,0,8658,8797,8117,693,9239,4723,1649,367
535,0,0,0,0,1105,1717,2874,37,14148,12499,12216,1449,16596,6964,2222,367
536,0,0,0,0,1181,1764,2105,51,5893,6078,4897,942,5284,2881,997,151
537,0,0,0,1,1308,2184,3076,206,15583,14623,11529,3462,12415,4512,977,62
538,0,0,0,52,1483,2760,4711,4370,45176,55707,50495,23261,100405,61832,24978,5784
539,0,0,0,2,1756,3046,4777,658,23064,25634,25631,7305,35480,17219,5492,882
540,0,0,0,17,1164,2261,3589,802,15786,18089,16444,3679,19900,9721,2810,387
541,0,0,0,2,1073,1327,1710,41,6072,4904,3475,644,3545,1353,308,31
542,0,0,4,0,1746,2418,3086,246,9656,9147,7179,898,5658,2527,882,106
543,0,0,0,0,1004,1128,1305,8,3749,3059,1827,150,1177,385,81,13
544,0,0,0,1,1033,1466,1689,54,5278,5749,4169,513,5107,2750,921,202
545,0,3,21,0,3977,8473,12209,268,42420,61477,50156,9852,50890,30817,8055,752
546,0,0,0,2,1774,2693,3600,106,14412,13763,12746,1664,17133,7660,2252,262
547,0,0,0,0,1095,1692,2408,179,8938,8067,5835,792,5963,1919,433,41
548,0,0,0,1,745,1107,1602,42,5257,5230,5352,949,7027,3032,1120,187
549,0,0,0,0,817,1051,955,18,1944,1758,1477,215,932,352,167,53
550,0,0,0,0,790,1626,2197,13,9213,9874,7646,849,8736,3596,974,123
551,0,0,0,0,1517,2399,3640,56,17552,16508,16647,1630,22238,9807,2797,449
552,0,0,0,0,1007,1701,2046,18,7449,6777,4965,355,4668,2295,556,73
553,0,0,0,0,763,1077,1579,117,4367,4052,3191,621,3478,1429,334,62
554,0,0,0,0,1265,1606,1951,73,6515,5441,3446,491,2926,1150,253,50
555,0,0,0,0,1739,2419,3543,63,14554,12353,10926,1345,11784,5511,1545,188
556,0,0,0,0,1460,2612,4644,44,24113,27098,28646,5175,46969,24613,9914,2321
557,0,0,0,0,675,1195,1630,67,5275,6406,5752,1236,5841,3392,1112,194
558,0,0,0,1,1113,1507,1927,71,6317,5493,3794,471,3818,1554,501,36
559,0,0,0,0,1477,2048,2680,76,9268,8163,6546,1250,6650,2947,823,121
560,0,0,0,0,713,866,1533,71,6946,6366,6616,1264,8636,3731,1383,216
561,0,0,0,4,1138,2134,3516,928,29411,30290,34178,8234,63399,34256,12668,1827
562,0,0,0,0,826,1297,1593,160,4653,4858,3750,803,2665,1064,251,19
563,0,0,0,2,620,988,1368,91,6441,5761,5247,902,8048,3289,896,69
564,0,0,0,0,978,1665,2388,49,12813,13415,13587,2331,22719,10686,3426,640
565,0,0,0,0,1236,1643,2752,529,9176,9203,9037,3816,7463,3194,862,152
566,0,0,0,0,2306,3602,5133,33,19109,18955,15222,1526,16077,6714,1682,172
567,0,0,0,12,1297,1866,2168,165,9301,9017,6869,1077,8896,3884,934,134
568,0,0,0,14,818,1531,2988,937,14724,17223,17755,5277,24490,10806,3275,376
569,0,0,0,0,1820,2256,2826,75,10204,8459,6875,1153,8796,3437,1041,189
570,0,0,0,0,2253,3011,3582,112,11703,10989,8913,1827,8834,3937,985,146
571,0,0,0,0,1664,3836,6172,409,28140,39244,40354,11076,61060,32153,12290,2034
572,0,0,0,0,1782,2371,2845,233,9731,8224,5145,801,3919,1306,279,24
573,0,0,0,2,1592,2780,5279,416,31564,37030,39160,5851,68292,40080,17016,4570
574,0,0,0,0,1549,1808,2236,36,8243,6517,5446,512,6354,1861,502,20
575,0,0,0,0,1168,1921,2717,12,10854,11522,9938,1252,13314,5497,1569,221
576,0,0,0,0,1401,1780,2270,16,6722,6422,5445,697,5073,1861,515,54
577,0,0,0,0,629,911,1121,35,4290,4010,2897,483,2949,1640,473,109
578,0,0,0,13,929,1558,2531,616,11356,11892,11366,2908,16542,7969,2583,395
579,0,0,0,3,861,1669,2453,404,12990,15875,13689,2110,20324,9420,2766,345
580,0,0,0,1,906,1065,1354,37,4491,3706,3399,564,3838,1732,689,120
581,0,0,0,9,1243,1726,2214,362,7046,5497,3850,791,3893,1258,238,24
582,0,0,0,1,855,1389,2147,64,8724,9598,9171,1016,14329,6758,2316,458
583,0,0,0,3,1049,1564,1961,74,6856,8219,8293,2755,12113,5907,1667,252
584,0,0,0,0,781,1953,3127,318,18090,24307,23528,4389,32365,19768,7399,1597
585,0,0,0,2,2635,3950,5021,338,17932,17620,14463,2658,15644,7041,2231,389
586,0,1,9,0,2123,4041,7857,391,40751,48126,55516,11355,85059,45937,17529,2931
587,0,0,0,0,965,1574,2108,78,7430,8817,8710,1744,12017,6171,2291,390
588,0,0,0,4,1028,1975,2181,171,6406,7195,5668,1058,6074,3023,826,131
589,0,0,0,1,1238,1961,2304,168,7093,6797,5244,1419,4912,2008,637,68
590,0,0,2,20,1709,2779,4766,659,26470,27906,28338,5377,46041,23079,8841,1739
591,0,0,0,0,919,1908,2517,100,7502,12886,10807,2717,16755,14428,4979,833
592,0,0,0,0,861,1011,1661,31,7483,5914,5055,570,7443,2664,685,92
593,0,0,0,0,872,1326,1850,2,6273,5771,4676,772,6172,2410,613,60
594,0,0,0,0,2748,3785,4877,50,18197,17916,15662,1941,20556,9355,2920,613
595,0,0,0,1,1058,1873,3210,290,16342,16941,15245,3953,21015,9464,2803,396
596,0,0,0,10,1356,2304,3078,315,10701,10304,9211,1309,8838,2612,565,24
597,0,0,0,0,1204,1433,1707,9,5375,4518,3924,500,4386,1690,473,62
598,0,0,0,8,503,727,936,119,2996,2804,2312,628,2436,1049,265,55
599,0,0,0,0,964,1993,3297,10,16399,19665,20229,2162,29914,14024,5625,699
600,0,0,0,1,1325,1826,2254,25,8231,6933,5338,726,5890,2214,565,55
601,0,0,0,18,1152,2316,3707,1205,20197,20269,16656,6879,18075,7359,1439,295
602,0,0,0,5,962,1844,2518,253,12480,13681,12492,2490,21295,11741,3871,746
603,0,0,0,0,667,1119,1446,44,6905,8741,7755,1167,9700,5348,1463,282
604,0,0,0,2,1545,2618,4029,315,13982,12777,8176,1068,6147,3136,636,91
605,0,0,0,0,708,1547,2423,67,11148,13829,12378,2584,16013,7312,2209,326
606,0,0,0,1,1314,1996,2896,132,9543,8975,6956,1250,7220,3276,790,104
607,0,0,0,0,1189,1637,2106,89,7134,6256,5185,782,6341,2772,873,133
608,0,0,0,2,1117,2381,4046,436,22856,25979,24299,5433,33407,13380,3705,501
609,0,0,0,19,1838,2165,2610,635,8350,7055,6134,1876,6092,2650,720,72
610,0,0,0,12,1788,2102,2983,729,10687,8980,6959,1788,5282,1817,258,37
611,0,1,13,4,1062,1647,2842,93,9560,10429,10343,1121,13914,6385,2107,396
612,0,0,0,8,694,738,1192,127,6384,6860,6447,1470,7671,3167,964,175
613,0,0,0,0,1361,2159,2726,27,9707,11572,9782,1735,15723,10000,3705,1023
614,0,0,0,0,632,990,1455,83,6299,5929,5271,852,6911,2845,890,124
615,0,0,0,2,1332,3090,4806,185,21725,30366,30039,6222,45181,27897,9138,1825
616,0,0,0,9,1353,2620,3863,492,19999,24602,26359,5978,43463,24920,9858,1891
617,0,0,0,74,839,1325,2167,1778,18013,17846,16526,5116,36468,16667,5886,1246
618,0,0,0,0,977,1766,2508,105,10689,10730,9145,1222,9560,3990,1111,201
619,0,0,0,0,571,845,1112,27,4319,4929,4199,873,5448,2972,801,154
620,0,0,0,51,1468,2462,4908,1419,14937,16331,16806,4133,12621,4702,1065,146
621,0,0,0,3,1235,1997,2797,176,10966,11478,9981,1630,11427,5220,1550,224
622,0,0,0,0,1118,1708,2560,100,12127,13127,12727,1790,16936,8023,2715,458
623,0,0,0,0,1418,1923,2472,33,6609,6487,5344,812,5198,2485,794,119
624,0,0,0,0,960,1266,1825,63,6396,5746,4905,1271,5416,1836,430,47
625,0,0,0,2,1518,2422,3601,404,18790,19741,16763,3276,22034,10334,3370,422
626,0,0,0,0,1490,2018,2349,128,8253,7340,5617,830,5807,2103,527,81
627,0,0,0,0,1079,1678,2457,140,11424,11554,9310,1469,11181,5379,1863,332
628,0,0,0,0,682,882,1539,140,5489,4484,3417,587,1873,551,82,13
629,0,0,0,2,630,1295,2725,174,14944,18383,19497,3907,31802,17657,6688,1460
630,0,0,0,0,545,779,1130,23,6769,6269,6733,1186,8773,3573,1547,255
631,0,0,0,14,1198,1794,2501,301,10542,10869,9874,2121,13565,6005,1773,324
632,0,0,0,8,1713,2737,3633,796,16902,17186,14939,3735,18880,8595,2605,427
633,0,0,0,2,1409,2033,2639,235,9341,9540,8103,1295,8022,4588,1540,239
634,0,0,0,1,891,1324,2240,109,10065,12752,12374,2206,16173,9551,3353,784
635,0,0,0,1,1570,2396,3674,460,13901,13620,12853,3278,13763,5478,1260,172
636,0,0,2,0,761,1130,1439,56,8051,8033,6864,831,10431,4561,1297,287
637,0,0,0,76,1184,2107,3790,2097,19761,21092,21225,6818,32422,14188,4020,430
638,0,0,0,5,1026,1804,3590,153,26224,28316,31015,5464,50693,23486,7602,1118
639,0,0,0,0,2033,2707,3497,13,13753,12104,9088,809,10044,4337,1231,183
640,0,0,0,1,937,962,944,97,2117,1180,633,136,498,156,32,2
641,0,0,0,0,592,1223,2193,149,10182,11045,10407,1749,9974,4562,1199,114
642,0,0,0,0,989,1440,2013,53,7173,7208,6527,727,8388,3655,973,142
643,0,0,0,0,2493,3454,6274,44,33112,29652,27637,2964,35803,12922,3387,342
644,0,0,0,0,999,1288,1686,20,6852,5882,4722,616,6010,2589,951,178
645,0,0,0,0,895,1452,1923,108,5379,4512,3048,601,2777,1083,194,22
646,0,0,0,12,1259,1985,2310,356,7683,8734,7367,1965,10068,5794,2320,450
647,0,0,0,0,1344,2017,2641,12,10281,9978,8631,1255,10362,4733,1565,222
648,0,0,0,0,1074,2538,4479,0,27411,38435,35944,4608,53294,31761,11603,2153
649,0,0,0,0,1525,2568,3578,244,16579,18027,16564,3304,22087,9528,2972,427
650,0,0,0,0,1142,1907,2803,107,11393,13843,13197,2798,17502,9503,3307,572
651,0,0,0,0,1683,2385,3308,230,16702,14484,12911,1846,17392,6232,1731,311
652,0,0,0,0,862,1498,2206,65,8347,7913,6605,932,6341,2516,698,55
653,0,0,0,0,476,1071,1612,27,10222,12774,13061,2014,18393,11496,4322,865
654,0,0,0,1,1270,1545,2048,138,7922,6931,6151,1310,8065,3562,1245,216
655,0,0,0,0,1747,2348,2877,25,10398,8723,7406,1045,9250,4032,1283,175
656,0,0,0,0,1338,2699,5210,1,44593,59112,66826,6853,161303,101708,39883,6341
657,0,0,0,0,1380,2588,3728,164,15485,15684,14018,3005,15791,6970,1885,299
658,0,0,0,0,932,2015,3444,472,19490,24823,25545,6732,34296,17326,5666,829
659,0,0,0,0,1327,1414,2318,98,8686,6618,5809,1359,7046,2393,836,146
660,0,0,0,0,2493,3806,5111,90,14803,14872,14154,1967,13365,6248,2421,301
661,0,0,0,0,477,782,873,44,2799,2633,1856,404,1496,557,126,19
662,0,0,0,0,2120,2700,4450,333,21979,19186,19482,3719,26007,8052,2103,226
663,0,0,0,0,1591,1976,2337,51,7875,6731,4818,637,4637,1658,364,53
664,0,0,0,3,1038,1387,1797,294,5030,4037,2479,489,2493,948,222,25
665,0,0,0,0,2037,2657,3348,6,14367,13063,9860,909,12909,5245,1547,238
666,0,0,0,2,1374,2663,3554,210,16968,21629,21487,5167,30824,18349,7224,1480
667,0,0,0,3,668,925,1484,180,7300,7100,6979,1634,10203,4937,2059,432
668,0,0,0,0,1038,1818,2780,382,13777,13544,10939,3136,8590,3124,704,43
669,0,0,0,0,1227,1628,1848,34,6520,6506,5287,937,6584,3142,871,116
670,0,2,11,0,1695,2473,3487,151,9541,9335,9455,1894,9283,3724,919,41
671,0,0,0,2,873,1744,2823,295,13065,17697,18870,3443,26991,15445,6462,1383
672,0,0,0,0,1337,2008,2499,32,10585,12540,11008,1452,14653,8695,3022,583
673,0,0,0,0,813,860,1017,50,2783,1901,1576,444,1620,500,107,7
674,0,0,0,1,2384,4737,7616,123,28251,33846,34596,4575,43352,19395,6415,932
675,0,0,0,3,1587,1960,2705,296,11646,10261,8368,2077,9307,3029,769,98
676,0,0,0,0,466,867,1345,13,5027,5635,5293,877,7769,3449,1078,109
677,0,0,0,0,3065,4331,6528,208,33784,31104,27655,3974,41889,18952,6031,895
678,0,0,0,0,1087,2255,3135,286,10927,13806,11677,2750,10658,4577,927,100
679,0,0,0,2,1137,1785,2537,152,8336,8021,6726,1114,6531,2453,645,25
680,0,0,0,10,432,686,835,76,2413,2022,1413,394,1855,657,184,82
681,0,0,0,0,1026,1298,1623,7,5451,5142,3898,483,4144,1533,344,47
682,0,0,0,1,690,1172,1484,209,6732,7856,7117,2284,12357,7016,2417,523
683,0,0,0,1,314,632,726,105,1909,2665,1545,456,969,592,169,18
684,4,19,75,0,971,1054,1095,16,2112,1360,704,32,653,185,13,3
685,0,0,0,0,936,1558,2468,178,10071,9312,7990,1371,6331,1956,378,30
686,0,0,0,0,1024,1406,1829,80,8385,8566,6686,1668,6762,2743,674,97
687,0,0,0,2,1410,1862,2307,162,8883,8087,6450,1364,7415,2649,709,102
688,0,0,0,5,773,778,611,46,1468,1082,561,98,447,197,51,9
689,0,0,0,8,782,1376,2011,331,7859,8087,7503,1272,9477,4989,1563,188
690,0,0,0,0,570,1013,1486,5,6321,6715,6229,1184,9469,4666,1147,164
691,0,0,0,0,606,790,1076,71,3144,2144,1866,381,1192,335,73,3
692,0,0,0,32,1444,2357,2846,231,10954,11522,9149,1680,10630,5160,1173,197
693,0,0,0,6,588,1013,1309,145,5478,5146,3931,643,6042,2850,872,150
694,0,0,0,0,1379,1684,1786,41,4762,4121,3266,447,3036,1367,408,36
695,0,0,0,1,1355,1739,2214,79,7572,7201,7276,1018,8621,3987,1284,110
696,0,0,2,0,1062,1500,1983,31,5972,5131,3803,684,2418,808,242,14
697,0,0,0,0,1010,2042,2430,95,10735,11674,7939,1524,11801,5062,1628,212
698,0,0,0,0,821,1669,2545,41,11248,12045,9231,647,9369,4512,1166,165
699,0,0,0,0,2274,3598,6510,166,30957,31918,32351,3961,42478,21376,7934,1704
700,0,0,0,0,1276,1804,2204,25,8583,8400,7189,973,9100,4227,1671,360
701,0,1,11,0,949,2212,4176,226,16016,21124,22275,3701,24876,10484,2660,217
702,0,0,0,1,718,907,917,44,2709,2188,1448,239,1447,540,143,17
703,0,0,0,0,927,1861,2887,175,10373,12938,12537,1682,15543,8485,2820,467
704,0,0,0,10,862,951,880,136,1950,1659,1248,460,1081,383,105,16
705,0,0,0,1,1686,3222,4270,97,14919,16311,13308,1190,11141,5111,1225,152
706,0,0,0,0,1193,1794,2443,199,8644,8389,7152,1260,7450,3147,1074,134
707,0,0,0,35,326,513,937,367,5098,5269,6006,1245,9741,3785,1218,125
708,0,0,0,11,2639,3756,5085,205,20571,20931,19184,2545,27654,13831,5092,942
709,0,0,0,0,1877,3629,4929,19,20953,24497,21529,3535,29411,16334,6266,1151
710,0,0,0,0,1479,2083,3483,141,19903,21274,20645,3145,30251,13910,4432,666
711,0,0,0,8,1363,1998,3026,445,16190,15693,17029,3311,27307,12244,4535,746
712,0,0,0,4,1352,2451,3169,212,12994,13475,10842,1659,11461,4771,1001,99
713,0,0,0,0,1033,2341,3542,247,15920,20398,16491,2799,19866,10415,3123,560
714,0,0,0,0,832,1960,3366,39,14855,18635,17855,2977,20896,10926,3376,450
715,0,0,0,18,2055,3579,4969,1198,15039,16346,12465,4138,8142,2910,416,33
716,0,0,0,0,3264,4106,4838,175,16438,13208,8719,1402,10277,3873,823,137
717,0,0,0,0,278,402,392,5,974,1141,646,97,726,360,129,27
718,0,0,0,3,989,2116,4237,395,26415,28055,25923,3391,37698,18235,6182,1089
719,0,0,0,0,539,971,1314,4,4409,3197,2086,274,1490,243,26,1
720,0,0,0,0,1517,2461,2740,6,9418,8685,6054,976,6758,2334,472,38
721,0,0,0,0,1629,1832,2085,50,7189,5919,4099,825,4476,1619,525,63
722,0,0,0,0,1866,2108,2792,66,9171,7071,6251,1120,6011,2217,477,45
723,0,0,0,0,1232,1699,2933,172,11964,10010,8724,2100,10892,4586,1445,218
724,0,0,0,0,954,1565,2342,13,11947,13491,11978,1783,14924,8859,3495,555
725,0,0,0,1,1005,1610,1930,42,3662,3583,2737,223,2205,1171,420,67
726,0,0,0,0,1200,1703,2115,255,5680,4640,3127,901,2292,787,175,14
727,0,0,0,1,1149,3997,5029,1368,24543,55880,44915,22852,73033,55856,14843,1703
728,0,0,0,0,525,834,883,93,3095,3162,1491,323,1371,561,99,10
729,0,0,0,0,521,978,1457,171,6190,6558,5142,1229,5628,2167,617,62
730,0,0,0,0,628,772,802,29,3203,3043,2355,474,3193,1783,515,110
731,0,0,0,1,727,1660,2800,125,16513,27622,30195,6507,61749,39179,13471,2665
732,0,0,0,0,961,1335,1935,40,8242,7669,6814,971,8490,3811,1321,211
733,0,0,0,7,785,1625,2377,334,7977,9128,7364,1047,6165,2899,583,38
734,0,0,0,19,984,1864,3185,370,10654,13053,11572,3077,11617,5678,1613,172
735,0,0,0,0,893,1172,1574,26,8160,7534,5925,1065,8003,3439,1089,217
736,0,0,0,12,558,624,668,72,1664,1414,1053,340,1168,487,90,29
737,0,0,0,7,805,936,1501,196,5027,4568,4330,925,4834,1727,489,48
738,0,0,0,0,570,828,1200,32,4382,4955,4796,652,7774,4414,1639,364
739,0,0,0,8,926,1294,1960,247,7629,7148,6153,1539,7517,3517,1034,134
740,0,0,0,0,998,1612,2515,115,11007,10458,7393,1888,8213,2339,531,126
741,0,0,0,0,1431,2399,3816,0,17413,21797,24482,2282,42605,25066,9152,1297
742,0,0,0,0,1090,1645,2264,99,14019,14397,12697,2244,22056,10260,3271,446
743,0,0,0,0,1159,1301,1470,36,6435,4903,3639,340,2961,930,208,38
744,0,0,6,0,3417,6891,11323,499,41998,48598,48623,10802,55773,24780,7126,1034
745,0,0,0,3,844,1592,2794,229,13741,17883,18526,3292,33519,21382,9343,2366
746,0,0,0,0,857,1423,2130,161,10143,12511,13388,3315,22153,11066,3894,640
747,0,0,0,0,896,1266,1796,37,7472,7662,7806,1113,10683,5559,2246,375
748,0,0,0,0,668,631,576,59,1466,1034,658,244,362,106,11,2
749,0,0,0,0,358,851,1851,1,15376,26003,31695,2814,74388,48739,18390,3294
750,0,0,0,0,1247,2789,4034,95,12883,17531,16896,2178,20452,11963,4540,910
751,0,0,0,0,459,723,924,26,2473,2294,1500,184,1207,376,75,11
752,0,0,0,0,1487,2277,3291,173,14301,15345,12807,2346,16259,6684,1877,169
753,0,0,0,0,1140,1725,2252,149,7999,8542,6101,1683,5903,2399,751,136
754,0,0,0,0,1515,2751,3166,58,13071,15820,12349,1962,17596,10196,3564,970
755,0,0,0,13,1629,2452,3647,609,18795,17906,15204,3281,20686,7309,2009,306
756,0,0,0,102,887,1331,1709,386,6556,7360,5858,1066,6983,3915,1034,107
757,0,0,0,0,1206,2317,3225,69,13397,16509,14753,2278,19612,10665,3465,633
758,0,0,0,2,867,1384,2324,215,11994,11805,11598,2111,15258,7661,2649,449
759,0,0,2,0,822,863,934,10,3838,2555,2028,205,1610,490,158,31
760,0,0,0,0,812,1096,1447,8,4859,4526,3350,192,2601,1058,269,36
761,0,0,0,0,702,1831,3757,213,17052,19263,19216,5488,21976,8055,1523,154
762,0,0,0,0,1195,1405,1293,51,4528,3589,2189,294,1917,490,77,10
763,0,0,0,0,903,2736,4601,577,23793,30155,26461,7437,29543,13439,3447,364
764,0,0,0,2,2040,2834,3013,186,9334,9338,7492,1357,8082,3666,1247,210
765,0,0,0,5,953,1702,2334,349,10611,9820,8845,2556,12871,5870,1985,383
766,0,0,0,12,1719,2417,2915,498,12615,12048,10403,2577,12902,5365,1829,224
767,0,0,0,0,706,838,1017,23,3722,3264,2441,223,2457,770,187,15
768,0,0,0,0,1223,1595,2070,32,5917,4655,3140,445,2229,578,116,10
769,0,0,0,0,461,773,1177,42,5964,6709,6244,807,8427,3865,1222,124
770,0,0,2,1,1441,2020,2622,192,12077,10404,9049,1079,10034,3666,864,74
771,0,0,0,0,1274,1861,2403,9,7836,7316,5479,704,6189,2364,696,65
772,0,0,0,2,689,939,1155,84,4333,4433,4330,590,4799,2296,962,188
773,0,0,0,1,765,917,1610,181,6559,4868,4362,1288,2781,1230,144,8
774,0,0,0,0,134,326,429,15,1913,1957,1872,273,2187,1124,343,63
775,0,0,0,2,1444,2623,4059,337,15801,16908,17941,4153,18746,6894,1792,205
776,0,0,0,0,1041,1687,1898,54,5826,5755,4671,413,5029,2333,569,63
777,0,0,0,0,410,609,688,11,2233,2113,1701,222,1807,724,281,57
778,0,0,0,0,2158,3819,5238,105,15881,19993,20103,4739,22276,12451,4554,565
779,0,0,0,1,762,1298,2393,355,16609,17657,16190,2293,19587,11250,4000,844
780,0,0,0,0,1766,2353,2890,82,11336,9172,7308,1116,8759,3230,821,136
781,0,0,0,0,1263,1682,1859,17,6514,5443,4061,558,4323,1388,303,33
782,0,0,0,0,666,1476,2885,255,19514,27188,31697,6682,61619,39445,17667,4273
783,0,0,0,0,2034,4889,5954,338,25487,41801,35494,13809,50792,39847,16315,3647
784,0,0,0,0,1187,1951,2944,12,12230,11377,9513,1429,10873,4429,1226,209
785,0,0,0,0,2657,3590,5031,457,18917,17155,16091,3767,20622,7909,2760,506
786,0,0,0,2,1205,2857,4234,151,20516,26064,26144,3580,44181,25563,8806,1518
787,0,0,0,0,1363,2501,3168,29,9985,11275,8469,846,9732,4889,1605,248
788,0,0,2,1,1073,1695,2764,64,14425,14157,10499,837,16058,7114,1529,416
789,0,0,0,0,705,1323,2240,209,11482,10996,8928,656,9151,3329,735,47
790,0,0,0,0,1138,1314,1608,43,6488,5385,4738,803,5217,2067,614,72
791,0,0,0,1,387,474,661,54,2208,1893,1544,323,1692,734,228,36
792,0,0,0,44,1399,2266,3360,2170,17473,19172,16960,6032,20396,10550,3329,464
793,0,0,2,0,1152,1576,2302,177,9620,8664,7938,2531,7529,2921,880,126
794,0,0,0,0,729,989,1321,6,4999,4944,4009,485,4974,2785,997,203
795,0,0,0,0,1456,2188,3688,25,18648,18727,16656,2562,24410,10351,3283,515
796,0,0,0,1,1646,2506,3333,259,12058,12511,10778,1954,12470,6809,2185,348
797,0,0,0,61,1743,3101,4103,1966,23144,22048,16235,4594,20750,8805,2259,409
798,0,0,0,8,1421,2792,4769,158,18921,25980,26633,5454,37126,20685,6997,1121
799,0,0,0,0,1612,2540,3912,114,14480,12962,12310,1655,11922,3615,978,79
800,0,0,0,18,611,1960,2909,1932,16752,24621,21597,7757,25383,11462,3005,301
801,0,0,0,1,1893,2734,4091,288,19118,17475,17371,4659,26441,9602,3331,351
802,0,0,0,0,419,1063,1559,26,6849,8797,7757,1713,12632,6114,2349,422
803,0,0,0,0,1496,2013,3140,187,10706,9163,7727,1215,7141,2236,519,54
804,0,0,0,2,649,927,1223,74,3521,3341,2612,368,2177,815,175,32
805,0,0,0,0,2243,4562,6199,336,28260,37650,33716,9465,43334,23262,7787,1745
806,0,0,0,76,2679,5148,9646,1344,33408,41030,32579,8999,24757,10224,2140,257
807,0,0,0,0,900,1100,1036,45,2745,2303,1707,238,1554,716,140,37
808,0,0,0,0,1179,1795,2176,66,6891,6812,4923,462,4503,1983,412,33
809,0,0,0,0,1946,2870,3451,181,14588,14504,10974,1882,14705,6653,2333,436
810,0,0,0,1,1083,2113,2436,10,8437,10759,8576,1751,10267,6630,2175,505
811,0,0,0,0,778,953,1128,33,3684,3046,1773,279,1150,476,106,11
812,0,0,0,0,588,954,1569,162,7957,9476,9501,2929,16632,9173,3413,676
813,0,0,0,2,1509,2050,2707,322,8071,7888,6698,1690,7047,3372,1083,168
814,0,0,0,0,1620,2362,2605,3,8642,6983,5259,672,5013,1637,440,31
815,0,0,0,1,771,1201,1846,220,8522,8236,7139,1788,9590,4164,1291,230
816,0,0,0,3,771,1498,2354,327,10414,11600,10104,1571,11865,6535,2612,379
817,0,0,0,1,2764,4453,6541,123,29868,33144,29446,4952,43143,23596,9741,1821
818,0,0,0,1,1360,1891,2359,217,7056,6600,5394,1318,5158,2014,620,128
819,2,10,52,72,2678,4446,8492,3455,42645,45100,56649,11225,68790,34982,10399,815
820,0,0,0,1,1241,2649,3472,524,18091,24534,19535,5545,30972,19883,6511,1340
821,0,0,0,0,1036,1397,1637,91,6053,5697,4327,715,4460,1926,424,58
822,0,0,0,0,1970,3115,4344,27,22326,22088,19287,1622,23140,11927,4056,648
823,0,0,0,0,610,1120,1578,114,6418,7050,6060,1446,8379,4262,1327,276
824,0,0,0,0,893,1294,1856,85,6140,5805,4821,813,4564,2058,542,104
825,0,0,0,1,2150,3362,3907,427,12306,13568,10702,2024,12006,5671,1625,277
826,0,0,0,0,1465,2098,2951,20,8964,8466,7652,1111,6158,2713,816,104
827,0,0,0,1,803,1466,2809,171,13348,14550,13776,441,16298,9082,3853,603
828,0,0,0,3,861,1124,1419,286,4429,3122,1770,437,986,285,41,2
829,0,0,0,0,857,1478,2504,68,10801,13037,12692,2317,16348,9363,2641,417
830,0,0,0,13,2004,4664,6864,896,31478,37436,30401,6849,42784,25504,9216,2193
831,0,2,2,1,2045,2524,3054,140,14224,12918,9837,1854,12120,5038,1348,153
832,0,0,0,0,443,616,707,36,2482,2137,1520,320,1617,425,70,11
833,0,0,0,0,681,1164,1547,66,6783,6958,5836,1156,6569,2813,756,111
834,0,0,0,0,351,580,612,66,2837,3108,2100,483,1923,812,130,15
835,1,3,15,0,1375,1833,4752,218,31926,29566,32418,3431,35437,16822,4451,188
836,0,0,0,1,1027,1425,2076,168,8947,6943,5388,1211,6200,2065,758,114
837,0,0,4,0,2161,2808,3952,33,13148,10851,9034,965,8168,2404,496,35
838,0,0,0,11,1240,1731,2306,373,6868,6777,5749,1455,6064,2479,779,86
839,0,0,0,1,799,1099,1611,82,6643,6170,5829,950,7552,3311,1108,169
840,0,0,0,0,1622,2999,4509,31,22688,26459,28117,2997,42013,19767,6126,782
841,0,0,0,0,258,244,221,11,371,243,147,17,93,49,16,11
842,0,0,0,0,511,926,1564,40,7795,7507,6734,974,7467,2554,536,83
843,0,0,0,0,610,836,896,81,2412,2171,1253,248,796,392,73,7
844,0,0,0,8,1047,1766,2125,353,11201,11979,8796,2438,12128,5773,1395,328
845,0,0,0,1,504,1166,1418,50,4993,7022,6152,804,7972,4312,1338,273
846,0,0,0,6,756,1209,1792,411,7691,8678,6809,1594,7180,3836,947,116
847,0,0,0,3,545,1415,2574,36,21217,30640,31052,3393,59292,32049,11711,2040
848,0,0,0,0,1514,2450,3469,30,10513,10791,9540,1111,9847,5139,1555,204
849,0,0,0,0,953,1604,1920,35,6309,6893,5919,1641,7751,3967,1301,216
850,0,0,2,0,342,610,1157,97,4043,3979,3665,846,4161,1922,635,174
851,0,0,0,2,2701,4133,5584,543,21190,21954,19592,3594,20498,9949,2838,383
852,0,0,0,0,1159,1466,1830,247,5659,4624,4109,1246,4220,1777,527,55
853,0,0,0,4,1214,2187,3671,681,17599,19329,16428,3715,16790,9714,2256,491
854,0,0,0,2,523,797,882,212,3163,3013,2339,699,2628,1223,329,75
855,0,0,0,43,1048,2026,3859,1730,22070,26664,28405,6375,43661,26881,11446,2183
856,0,0,0,11,1285,1778,2063,146,7500,6106,4258,1010,3974,1390,416,70
857,0,0,0,1,834,759,731,41,1655,980,690,111,690,179,53,6
858,0,0,0,1,524,1050,1648,65,7663,9143,7446,615,8879,4666,1304,323
859,0,0,0,0,163,271,291,7,1041,901,721,109,880,306,90,13
860,0,0,0,46,788,1848,2734,624,12424,11949,10397,1326,13355,4750,1464,159
861,0,0,0,0,1563,2176,2494,51,8370,8374,6684,917,8006,4216,1327,272
862,0,0,0,42,1329,1680,2119,384,5812,4873,4344,949,2842,1036,238,12
863,0,0,0,1,812,1035,1059,79,2739,2256,1381,438,994,304,94,17
864,0,0,0,1,1305,2062,3041,111,13932,14776,14474,2462,19189,10361,3252,552
865,0,0,0,1,1337,1995,2759,111,10279,9783,7853,1272,7922,3428,963,124
866,0,0,4,0,1108,1035,2226,86,13371,10776,11556,1852,15245,5165,1577,236
867,0,0,0,1,870,1583,3470,283,19931,23915,27283,4242,44616,26181,11117,2372
868,0,0,0,0,1273,1883,2963,212,12258,12205,11821,1994,14210,6758,2004,288
869,1,6,35,0,2146,3468,5506,221,23193,25790,26498,7999,38266,18024,5857,1122
870,0,0,0,0,1714,2675,3802,158,16166,16260,14197,2286,19277,9838,3512,728
871,0,0,0,13,2016,3169,5127,417,22064,22186,24911,6022,43127,18957,6755,1307
872,0,0,0,3,1197,1738,2488,729,9417,9265,8537,3045,11265,5278,1691,217
873,0,0,0,2,1569,2103,2379,175,7518,5903,4389,1358,5192,1456,285,11
874,0,0,0,1,847,1275,1813,158,6740,6514,5562,1037,5800,2492,895,150
875,0,0,0,0,555,601,934,43,4837,4149,3912,445,4762,2014,675,122
876,0,0,0,0,949,2186,2275,314,9472,11429,7514,1797,8068,3864,1036,113
877,0,0,0,1,1267,2046,2864,103,7814,8767,8482,1665,9459,4302,1179,134
878,0,0,0,2,395,581,704,62,2645,2585,2343,404,2380,1345,531,65
879,0,0,0,2,1241,1860,3545,171,19568,19284,18340,2421,22638,10392,3308,533
880,0,0,0,0,719,1197,1430,56,3876,3614,2638,392,1760,706,151,12
881,0,0,0,0,1033,1513,1866,92,5960,7284,6449,1402,7043,4255,1413,252
882,0,0,0,0,840,1055,1508,43,6004,4717,4195,568,4597,1778,572,86
883,0,0,0,0,628,867,1051,49,3299,3290,2804,499,2842,1298,359,52
884,0,0,0,0,1219,1666,2319,51,8851,7608,6389,1015,7689,3145,962,132
885,0,0,0,0,1303,2116,2844,99,9401,8320,6576,1229,6312,2155,605,56
886,0,0,0,8,889,1732,2305,99,7899,8426,7303,1255,11025,5151,1996,371
887,0,0,0,1,1241,2221,2835,318,10243,11273,8998,2265,9360,4340,1210,140
888,0,0,0,0,1007,1621,2505,72,11848,9779,7365,626,6196,1590,258,18
889,0,0,0,10,583,1042,1889,458,12365,16891,17704,4064,30436,18231,6919,1152
890,0,0,0,0,1785,2117,3337,137,13392,8827,7357,913,7953,1873,381,22
891,0,0,0,0,493,679,901,8,2204,2655,2679,444,3478,2027,790,157
892,2,14,80,1,2123,4396,7043,975,42428,55233,47494,15246,81131,44700,13935,3885
893,0,0,0,0,1318,1956,2190,82,6885,6366,4270,711,4057,1513,402,47
894,0,0,0,0,589,914,1597,185,6011,6128,4826,1192,5196,2331,603,106
895,0,0,0,0,1214,1641,2115,95,7161,6926,5382,1006,5426,2262,528,74
896,0,0,0,0,858,1685,2159,84,8558,10212,8519,1362,10017,5360,1389,232
897,0,0,0,0,957,1490,2017,45,7857,7268,5689,536,6204,2135,478,37
898,0,0,0,61,867,1133,1195,673,4146,3481,1973,737,1603,494,84,40
899,0,0,0,11,518,930,1349,190,4826,6153,6697,1494,6942,3539,2032,525
900,0,0,0,0,441,495,438,23,2270,1701,1192,286,1650,702,177,36
901,0,0,2,0,1314,2291,3986,103,18881,22057,22486,2922,30632,15278,5207,824
902,0,0,0,5,1502,1999,2478,138,7363,6474,4768,428,3375,1069,174,24
903,0,1,7,0,1971,3725,5650,937,32944,40115,36953,13802,67437,39497,14620,2992
904,0,0,0,0,829,1398,2036,53,10199,10940,9514,1710,12373,7153,2427,457
905,0,0,0,0,835,1380,1518,94,4302,5474,4640,1224,5532,3240,844,115
906,0,0,0,2,540,634,869,8,2449,2092,1529,117,1134,480,191,14
907,0,0,0,5,518,1131,2302,151,15392,20806,24881,3103,43614,26933,11627,2085
908,0,0,0,2,624,834,1255,256,5122,5003,4804,1560,6291,2528,779,114
909,0,0,3,0,681,1014,2087,278,9127,10574,11286,3261,17309,11397,5037,943
910,0,0,0,2,721,951,1218,89,3898,3446,2504,515,2166,840,208,27
911,0,0,0,0,617,942,1128,106,2397,2054,1216,232,556,145,16,2
912,0,0,4,0,1009,1418,1869,29,5530,5713,4405,436,4269,1872,524,97
913,0,0,0,0,967,1072,1439,64,5464,4421,4280,662,4626,1966,696,75
914,0,0,0,3,1340,1979,2612,86,9093,10018,9148,1222,10238,5273,1702,193
915,0,0,0,0,927,1580,2508,37,11809,12859,12299,1928,18047,9078,3417,784
916,0,0,0,3,456,694,928,99,3926,4050,3598,593,5014,2489,720,93
917,0,0,0,5,1308,2027,2954,1253,14789,16347,14698,7306,21874,10410,3307,508
918,0,0,0,0,514,612,658,3,2077,1901,1560,261,1698,743,173,37
919,0,0,0,0,1005,1288,1457,6,3732,2814,1928,525,1166,324,101,13
920,0,0,0,0,1081,1350,1791,63,6649,6416,6215,881,8610,4703,1982,406
921,0,0,0,0,1516,2239,3293,61,13602,13390,11389,1186,12170,5156,1536,221
922,0,0,0,0,1772,2362,2731,38,10689,9431,6244,659,5983,2162,289,14
923,0,0,0,0,817,1680,2333,8,10399,13667,11461,1445,16340,9554,3377,652
924,0,0,0,3,763,1195,1775,79,8297,9016,7887,1343,9940,5096,1494,270
925,0,0,0,0,1377,1846,2734,19,8220,8208,7548,1191,7013,2936,782,79
926,0,0,0,0,1163,1860,2018,1,6636,6153,3831,297,3388,1208,196,11
927,0,0,0,50,1307,2260,3914,852,18008,18069,18278,7083,18283,7567,1616,76
928,0,0,0,1,2066,2946,4021,225,13966,13313,10119,1438,10640,4026,965,137
929,0,0,0,4,868,1793,2872,470,19677,27200,29667,8568,56236,37813,14998,2904
930,0,0,2,1,1098,1154,1666,46,6894,5404,4773,555,5358,2098,664,103
931,0,0,0,46,728,1070,1587,676,7414,7493,7391,2468,11945,5483,1965,336
932,0,0,0,2,1299,2049,3366,303,19014,17482,17363,2874,25525,11172,3742,657
933,0,0,0,94,1469,2477,3849,378,12613,12466,10947,1473,9644,3286,858,90
934,0,0,0,11,847,1458,2091,167,8545,6438,5342,1081,11043,4022,810,74
935,0,0,0,0,1617,2204,4079,235,22658,22290,24621,6507,34280,15049,4895,714
936,0,0,0,0,1132,1905,3157,29,16001,13083,10202,1066,12903,3714,713,117
937,0,0,0,6,162,285,287,47,715,825,710,85,791,484,121,8
938,0,0,0,0,517,616,720,83,2583,1561,895,247,703,203,47,13
939,0,0,0,11,1123,1426,1634,212,4820,4525,3844,976,4060,1571,396,56
940,0,0,0,0,1175,2223,3296,151,12257,13971,13751,2189,14671,9431,4587,1687
941,0,0,4,3,2328,4015,7905,306,60157,58564,65409,12001,115203,52366,18117,2696
942,0,0,0,0,1235,1874,3474,21,16057,17481,18453,2357,24286,10232,2777,239
943,0,0,0,1,695,1042,1391,9,4081,4380,4262,688,4832,2276,768,146
944,0,0,0,0,1179,1697,2227,52,10307,8772,5588,1642,5811,1831,420,54
945,0,0,0,2,1126,1585,2117,230,6153,5362,4299,969,3863,1378,407,47
946,0,0,0,0,1038,1387,2304,139,12326,10913,9933,2084,12232,5138,1793,297
947,0,0,0,0,993,2075,2486,61,9776,9837,7929,1322,10148,4525,1407,202
948,0,0,0,0,530,585,589,30,1495,1263,785,137,838,439,72,7
949,0,0,0,0,554,637,942,194,3667,2767,2287,413,2023,834,194,25
950,0,1,0,2,1176,2575,4557,430,23191,30495,35945,10654,56643,25893,8794,1423
951,0,0,0,0,384,793,1387,65,6345,8149,8615,2314,11759,5294,1660,263
952,0,0,0,0,1012,1697,2538,31,9938,11549,9573,1115,11294,6116,2038,299
953,0,0,0,0,582,646,716,48,2641,1999,1427,391,1593,474,83,36
954,0,0,0,0,2017,2253,2518,17,6895,4892,3129,303,2628,767,156,9
955,0,0,0,74,575,1226,1910,1612,14240,18451,17880,7064,34511,22078,8045,1919
956,0,0,0,0,1022,1558,2028,24,8767,9610,8062,1456,11325,5990,1897,383
957,0,0,0,2,1829,2670,3683,279,16805,17997,14154,3648,17370,8136,2565,350
958,0,0,0,0,718,1044,1339,24,3279,2952,2854,315,2390,1034,353,48
959,0,0,0,2,502,738,1157,51,4623,4895,4677,837,5683,2916,958,146
960,0,0,0,5,736,1841,3901,435,23955,33274,40322,9261,67644,40149,16806,3241
961,0,0,0,0,1434,1941,2473,87,8474,7828,7022,1095,7433,2608,805,101
962,0,0,0,5,1434,2314,3320,472,15522,15045,13569,3640,16180,6727,1610,200
963,0,0,0,0,1826,2928,3677,130,12786,12667,9011,1678,10885,5599,1255,235
964,0,0,0,0,1011,1418,2115,69,7581,7967,7940,1208,9039,4695,1497,205
965,0,0,0,0,1398,2131,3087,328,13450,11759,9748,2262,10646,4233,1300,146
966,0,0,0,0,756,1129,1505,10,6589,6650,6170,858,8975,4654,1422,220
967,0,0,0,15,1257,2313,2438,361,8724,11060,8933,2392,12831,7938,2723,638
968,0,0,0,3,1998,2650,3603,399,15181,12087,10640,1530,11592,4248,1159,162
969,0,0,0,16,1174,1753,2489,287,9797,10361,10134,2100,12616,6537,2505,585
970,0,0,0,1,1234,1684,2278,123,8159,6665,6037,516,5448,2039,673,84
971,0,0,0,0,1282,1930,2500,20,8014,7804,7132,906,9122,4473,1380,206
972,0,0,0,0,1059,1895,2716,47,11765,12978,11940,1786,15671,7128,2146,231
973,0,0,0,0,1034,1822,2798,258,11620,12971,11204,3962,15571,8409,2814,663
974,0,0,0,4,2021,1980,2346,544,10152,5972,4343,1290,4029,1183,302,38
975,0,0,0,0,1525,1771,2715,98,9180,7426,7902,1449,9483,3365,1085,128
976,0,0,0,2,1383,1890,2427,196,9353,8943,7189,820,7630,3484,956,116
977,0,1,13,0,2197,3944,5435,110,18872,21086,18852,3074,20891,9893,2991,315
978,0,0,0,0,437,505,656,104,2588,2647,2377,161,2985,1520,412,67
979,0,0,0,0,2506,3141,3903,231,13746,11153,8379,1624,8765,2805,731,141
980,0,0,0,0,531,729,1050,45,5499,5043,4002,723,4701,2210,850,162
981,0,0,0,0,833,1352,2119,9,8599,8653,7439,823,9355,4542,1465,290
982,0,0,0,8,1141,1641,2442,89,9066,8360,6770,906,6412,2439,636,55
983,0,0,0,2,992,2026,2696,154,12363,14426,12745,2658,16347,7934,2225,260
984,0,0,0,1,911,1798,2580,86,7527,8007,6910,1118,7383,3226,940,143
985,0,0,0,0,736,1008,1170,35,4789,4312,3523,455,5504,2781,909,225
986,0,0,0,5,1314,2157,3075,277,12789,12334,10423,1596,12923,5453,1543,158
987,0,0,0,0,2374,4175,6810,154,26930,36814,35995,3790,50923,29252,11545,2285
988,0,0,0,0,1115,1917,3228,246,15228,16255,14392,3545,15312,6999,2144,278
989,0,0,0,1,1020,1736,2079,223,7211,7159,5160,1266,6156,2784,751,84
990,0,0,0,1,1073,1848,3261,111,20021,18235,17360,2063,24692,12128,4452,676
991,0,0,0,0,659,652,656,25,1478,950,496,97,314,75,20,5
992,0,0,0,1,486,851,1197,173,3507,3961,3286,990,4645,2681,1097,296
993,0,0,0,44,1035,1728,2468,1293,11389,11918,11163,4301,14696,7830,2315,447
994,0,0,0,0,1439,1879,2887,140,17602,15261,12392,2426,17498,6215,1746,327
995,0,1,6,0,1152,1743,2549,109,9742,10680,9399,2050,11234,6578,2257,392
996,0,0,2,3,1331,1916,2989,344,11280,11016,9851,2127,11543,4939,1389,108
997,0,0,0,2,1027,1436,1529,114,5475,4652,2900,618,3377,1292,260,46
998,0,0,0,1,1615,2387,3017,135,10274,10749,8644,1173,9433,4541,1478,244
999,0,0,0,1,743,1003,1074,26,3128,2631,2033,258,2057,832,268,45
